Default (label),Selected,Term,NoEmp,CreateJob,RetainedJob,UrbanRural,ChgOffPrinGr,GrAppv,SBA_Appv,New,RealEstate,Portion,Recession
0,0,36,1,0,0,2,0,30000,15000,0,0,0.5,0
0,1,56,1,0,0,2,0,30000,15000,0,0,0.5,1
0,0,36,10,0,0,2,0,30000,15000,0,0,0.5,0
0,1,36,6,0,0,2,0,50000,25000,0,0,0.5,0
0,1,84,1,0,0,2,0,50000,25000,0,0,0.5,0
1,0,22,5,0,0,1,35333,50000,25000,0,0,0.5,0
0,1,84,4,0,0,1,0,10000,5000,1,0,0.5,0
1,1,64,6,0,0,1,47211,50000,25000,0,0,0.5,0
0,1,84,1,0,0,1,0,14000,7000,0,0,0.5,0
0,0,84,12,0,0,1,0,25000,12500,0,0,0.5,0
0,1,60,8,0,0,1,0,30000,15000,0,0,0.5,0
0,1,84,1,0,0,1,0,20000,10000,0,0,0.5,0
0,0,300,15,0,0,2,0,1000000,750000,0,1,0.75,0
1,1,38,2,0,0,1,9709,10000,5000,1,0,0.5,0
0,1,84,22,0,0,1,0,10000,5000,0,0,0.5,0
1,1,62,2,0,0,1,4999,10000,5000,0,0,0.5,0
0,1,84,3,0,0,1,0,20000,10000,0,0,0.5,0
1,0,67,12,0,0,1,50000,50000,25000,0,0,0.5,0
0,1,32,5,0,0,1,16728,50000,25000,0,0,0.5,0
0,1,84,4,0,0,1,0,10000,5000,0,0,0.5,0
0,0,84,3,0,0,1,0,25000,12500,0,0,0.5,0
0,0,84,2,0,0,1,0,25000,12500,0,0,0.5,0
0,0,84,4,0,0,1,0,25000,12500,0,0,0.5,0
0,1,84,1,0,0,1,0,10000,5000,1,0,0.5,0
0,1,84,2,0,0,0,0,10000,5000,0,0,0.5,0
1,0,34,1,0,0,1,8415,10000,5000,1,0,0.5,0
0,0,84,1,0,0,1,0,35000,17500,0,0,0.5,0
0,1,300,30,0,0,2,0,150500,112875,0,1,0.75,0
0,0,84,8,0,0,1,0,100000,50000,0,0,0.5,0
1,1,33,12,0,0,1,38832,50000,25000,0,0,0.5,0
0,1,84,3,0,0,1,0,50000,25000,0,0,0.5,0
1,1,4,2,0,0,1,1547,12000,6000,0,0,0.5,0
0,0,84,2,0,0,0,0,11000,5500,0,0,0.5,0
0,0,84,7,0,0,1,0,50000,25000,0,0,0.5,0
1,0,56,3,0,0,1,24952,25000,12500,0,0,0.5,0
1,1,50,1,0,0,1,49447,50000,25000,0,0,0.5,1
0,0,84,6,0,0,1,0,100000,50000,0,0,0.5,0
1,0,61,4,0,0,1,10000,10000,5000,0,0,0.5,0
1,1,42,7,0,0,1,61348,100000,50000,0,0,0.5,1
1,0,42,10,0,0,1,61325,100000,50000,0,0,0.5,1
0,1,84,4,0,4,1,0,50000,25000,0,0,0.5,0
0,1,84,18,2,18,1,0,50000,25000,0,0,0.5,0
1,1,49,3,2,3,1,50000,50000,25000,0,0,0.5,1
1,1,60,2,0,2,1,41691,50000,25000,0,0,0.5,0
1,1,32,6,0,0,2,8469,90000,72000,0,0,0.8,0
0,1,84,2,0,2,1,0,10000,5000,0,0,0.5,0
0,0,84,58,4,58,1,0,100000,50000,0,0,0.5,0
1,0,53,2,1,2,1,25000,25000,12500,0,0,0.5,0
1,1,19,1,0,1,1,5897,10000,5000,1,0,0.5,0
1,0,42,12,0,12,1,10000,10000,5000,1,0,0.5,1
1,1,25,2,2,2,0,36562,50000,25000,0,0,0.5,0
0,0,84,4,0,4,1,0,50000,25000,0,0,0.5,0
0,0,84,4,1,4,1,0,50000,25000,0,0,0.5,0
1,1,28,1,0,1,1,15000,15000,7500,0,0,0.5,0
0,1,84,30,1,30,0,0,50000,25000,0,0,0.5,0
0,1,84,6,0,6,1,0,50000,25000,0,0,0.5,0
0,0,60,2,0,2,1,0,60000,30000,0,0,0.5,0
0,0,84,4,0,4,1,0,50000,25000,0,0,0.5,0
0,0,119,3,0,0,2,0,100000,80000,0,0,0.8,0
0,1,84,2,1,2,1,0,10000,5000,0,0,0.5,0
1,1,68,4,0,4,1,45000,45000,22500,0,0,0.5,0
0,1,84,5,0,5,1,0,50000,25000,0,0,0.5,0
1,1,18,1,0,1,1,3955,10000,5000,0,0,0.5,0
1,1,47,7,0,7,1,73426,100000,50000,0,0,0.5,1
0,1,240,7,13,7,2,0,357000,357000,0,1,1,0
0,1,84,1,0,1,1,0,10000,5000,0,0,0.5,0
1,0,42,4,0,4,1,20953,22000,11000,0,0,0.5,1
1,1,33,2,1,2,1,64362,100000,50000,0,0,0.5,1
1,1,57,9,1,9,1,44065,50000,25000,0,0,0.5,0
0,0,84,1,0,1,1,0,10000,5000,1,0,0.5,0
0,1,36,30,0,30,1,0,10000,5000,0,0,0.5,1
1,0,30,16,0,16,1,48632,60000,30000,0,0,0.5,0
0,0,84,2,0,2,1,0,10000,5000,1,0,0.5,0
0,0,84,4,2,4,1,0,35000,17500,0,0,0.5,0
0,0,84,4,1,4,1,0,47900,23950,0,0,0.5,0
0,0,300,5,0,0,2,0,504000,378000,0,1,0.75,0
1,0,71,12,0,12,1,49725,50000,25000,0,0,0.5,0
1,0,29,18,0,18,1,50000,50000,25000,0,0,0.5,0
1,0,73,6,1,6,1,48304,50000,25000,0,0,0.5,0
1,0,42,5,12,5,1,33294,35000,17500,0,0,0.5,1
0,0,84,12,3,12,1,0,90000,45000,0,0,0.5,0
0,0,84,5,3,5,1,0,50000,25000,0,0,0.5,0
0,1,84,1,0,0,1,0,50000,40000,0,0,0.8,0
1,1,43,3,2,3,1,34794,35000,17500,0,0,0.5,1
1,0,11,2,0,2,1,13744,50000,25000,0,0,0.5,0
0,1,33,1,0,1,1,8417,10000,5000,1,0,0.5,1
0,0,84,4,0,4,0,0,28500,14250,0,0,0.5,0
1,1,43,2,0,2,1,20357,25000,12500,0,0,0.5,1
0,1,84,4,0,4,1,0,50000,25000,0,0,0.5,0
1,1,32,1,0,1,1,14587,25000,12500,0,0,0.5,1
1,1,23,6,0,6,1,36179,75000,37500,0,0,0.5,0
0,1,84,6,0,6,1,0,30000,15000,0,0,0.5,0
1,1,58,1,0,1,1,32141,35000,17500,0,0,0.5,0
1,0,36,3,0,3,1,93700,100000,50000,0,0,0.5,1
1,0,63,12,0,12,1,45747,50000,25000,0,0,0.5,0
0,1,84,3,0,3,1,0,50000,25000,1,0,0.5,0
0,1,300,6,0,0,2,0,302000,226500,0,1,0.75,0
0,1,84,80,0,80,1,0,50000,25000,0,0,0.5,0
1,1,55,3,0,3,1,44496,50000,25000,0,0,0.5,0
0,0,84,1,0,1,1,0,31000,15500,0,0,0.5,0
0,0,84,6,0,6,1,0,50000,25000,0,0,0.5,0
1,1,41,2,0,2,1,51609,52500,26250,0,0,0.5,1
0,0,84,5,1,5,1,0,50000,25000,0,0,0.5,0
0,1,36,5,0,5,1,0,20000,10000,0,0,0.5,1
0,0,84,3,3,3,1,0,50000,25000,0,0,0.5,0
1,0,53,2,2,2,1,25000,25000,12500,0,0,0.5,0
0,0,84,5,0,5,1,0,10000,5000,1,0,0.5,0
1,0,4,2,1,2,1,3783,10000,5000,0,0,0.5,0
0,0,300,21,0,21,1,0,1240000,930000,1,1,0.75,0
0,1,84,21,50,50,1,0,140000,70000,0,0,0.5,0
0,1,84,21,50,50,1,0,10000,5000,0,0,0.5,0
1,1,78,2,2,2,1,48904,100000,85000,0,0,0.85,0
0,0,300,9,0,0,2,0,257000,192750,0,1,0.75,0
0,0,84,1,1,1,1,0,50000,25000,1,0,0.5,0
1,0,59,5,0,5,1,20000,20000,10000,1,0,0.5,0
1,0,63,2,0,2,1,4299,5000,2500,1,0,0.5,0
1,1,51,5,1,5,1,40042,50000,25000,0,0,0.5,0
1,0,44,13,0,13,1,44239,45000,22500,0,0,0.5,1
0,1,84,1,0,1,1,0,45000,22500,0,0,0.5,0
0,1,120,7,0,0,2,0,140000,105000,0,0,0.75,0
0,0,84,3,0,3,1,0,20000,10000,1,0,0.5,0
1,0,61,1,1,2,1,19077,25000,12500,0,0,0.5,0
1,0,22,1,9,10,0,39184,40000,20000,1,0,0.5,0
0,1,300,7,0,0,2,0,720000,540000,0,1,0.75,0
1,0,49,2,2,2,1,38036,50000,25000,0,0,0.5,0
0,1,60,2,2,2,1,0,10800,9180,0,0,0.85,0
0,1,300,130,0,0,2,0,369000,276750,0,1,0.75,0
0,1,120,7,0,0,2,0,100000,75000,0,0,0.75,0
0,0,120,1,0,0,2,0,50000,40000,1,0,0.8,0
0,0,300,10,0,0,2,0,500000,375000,0,1,0.75,0
0,1,120,2,0,0,2,0,50000,40000,0,0,0.8,0
0,0,120,1,0,0,2,0,100000,80000,1,0,0.8,1
0,1,120,1,0,0,2,0,105000,78750,0,0,0.75,1
0,1,109,6,0,0,2,0,970000,727500,0,0,0.75,0
0,1,84,21,0,0,2,0,100000,80000,1,0,0.8,0
0,0,84,6,0,0,2,0,27000,13500,0,0,0.5,0
0,1,120,20,0,0,2,0,1000000,750000,0,0,0.75,1
0,0,120,7,0,0,2,0,360000,270000,0,0,0.75,1
0,0,84,5,0,0,2,0,60000,48000,0,0,0.8,0
0,1,120,1,0,0,2,0,50000,40000,0,0,0.8,1
0,1,84,5,0,0,2,0,60000,48000,0,0,0.8,0
0,1,98,20,0,0,2,0,100000,80000,0,0,0.8,0
0,1,60,4,0,0,2,0,29000,14500,0,0,0.5,0
0,1,276,23,0,0,2,0,881800,661350,0,1,0.75,0
0,1,120,6,0,0,2,0,105000,78750,0,0,0.75,1
0,1,300,7,0,0,2,0,200000,150000,0,1,0.75,0
0,0,300,5,0,0,2,0,180000,135000,0,1,0.75,0
0,0,84,10,0,0,2,0,50000,25000,0,0,0.5,0
0,0,300,4,2,0,2,0,688500,516375,0,1,0.75,0
0,1,84,7,0,0,2,0,30000,24000,0,0,0.8,0
0,1,120,5,0,0,2,0,300000,225000,0,0,0.75,1
1,0,12,2,0,0,2,10954,25000,12500,0,0,0.5,0
0,0,300,1,0,0,2,0,134000,100500,0,1,0.75,0
0,1,120,2,0,0,2,0,100000,80000,0,0,0.8,1
0,1,84,25,0,0,2,0,32900,16450,0,0,0.5,0
0,1,276,3,0,0,2,0,1050000,749994,0,1,0.71428,0
0,0,108,3,0,0,2,0,76000,60800,0,0,0.8,0
0,1,84,5,0,5,2,0,326000,244500,0,0,0.75,0
0,1,300,7,0,0,2,0,124000,93000,1,1,0.75,0
0,1,84,1,2,1,2,0,40000,20000,0,0,0.5,0
0,1,120,10,0,0,2,0,250000,187500,0,0,0.75,1
0,0,300,4,0,0,2,0,150800,113100,0,1,0.75,0
0,0,120,7,0,6,2,0,216000,162000,0,0,0.75,1
0,1,300,2,0,2,2,0,108000,81000,0,1,0.75,0
0,1,240,15,5,0,2,0,446000,446000,0,1,1,0
0,0,84,3,2,5,2,0,10000,5000,0,0,0.5,0
0,0,108,1,1,1,2,0,50000,40000,0,0,0.8,1
0,0,240,6,10,16,2,0,394000,394000,0,1,1,0
0,1,120,12,0,12,2,0,300000,89031,0,0,0.29677,1
0,0,240,3,8,0,2,0,245000,245000,0,1,1,0
0,1,300,10,0,10,2,0,315000,236250,0,1,0.75,0
0,1,300,8,0,8,2,0,158500,118875,0,1,0.75,0
0,0,300,74,4,74,2,0,252200,189150,0,1,0.75,0
0,1,120,74,4,74,2,0,100000,75000,0,0,0.75,1
0,0,300,67,0,67,2,0,510800,383100,0,1,0.75,0
0,1,120,16,0,16,2,0,307000,230250,0,0,0.75,1
0,0,240,16,4,12,2,0,452000,452000,0,1,1,0
1,1,15,17,3,17,2,370178,750000,562500,0,0,0.75,0
0,1,240,15,0,15,2,0,501000,501000,0,1,1,0
0,1,120,12,0,12,2,0,75000,60000,0,0,0.8,1
0,0,300,10,0,0,1,0,180000,135000,0,1,0.75,0
0,1,240,34,10,34,1,0,588000,588000,0,1,1,0
0,1,240,10,0,10,1,0,1000000,1000000,0,1,1,0
0,0,120,3,1,3,1,0,36000,28800,0,0,0.8,1
0,1,60,1,0,0,1,0,86400,69120,1,0,0.8,0
0,0,300,11,3,0,1,0,212400,159300,0,1,0.75,0
0,0,300,12,4,8,1,0,405000,303750,0,1,0.75,0
0,0,300,30,5,30,1,0,297000,222750,0,1,0.75,0
0,0,120,3,0,2,1,0,180000,135000,0,0,0.75,0
1,0,21,2,2,2,1,13333,15000,7500,0,0,0.5,0
0,0,300,10,0,10,1,0,526500,394875,0,1,0.75,0
0,1,301,6,6,6,1,0,708000,531000,0,1,0.75,0
0,0,300,4,4,4,1,0,450000,337500,1,1,0.75,0
1,1,93,3,0,0,1,63024,65000,52000,1,0,0.8,0
0,0,120,16,0,0,1,0,320000,240000,0,0,0.75,0
0,1,300,3,0,0,1,0,38000,30400,0,1,0.8,0
1,0,56,1,3,1,1,72182,95000,76000,0,0,0.8,0
0,1,300,4,4,4,1,0,180000,135000,0,1,0.75,0
0,0,240,102,23,102,1,0,771000,771000,0,1,1,0
0,1,300,2,0,2,1,0,266400,199800,0,1,0.75,0
0,0,60,1,0,0,1,0,52200,41760,1,0,0.8,0
0,1,300,10,6,16,1,0,427500,320625,0,1,0.75,0
0,1,120,1,2,1,1,0,200000,150000,0,0,0.75,0
0,0,120,4,0,0,2,0,80000,70240,0,0,0.878,0
0,1,300,1,0,0,2,0,93000,83700,0,1,0.9,0
0,0,60,1,0,1,1,0,25000,12500,0,0,0.5,0
0,0,120,10,0,0,2,0,252000,214200,1,0,0.85,0
0,0,300,18,0,0,1,0,255000,191250,0,1,0.75,0
0,0,120,4,0,0,2,0,85000,63750,0,0,0.75,0
0,0,84,3,0,0,2,0,60000,45000,0,0,0.75,0
0,0,216,4,0,0,2,0,115000,86250,0,0,0.75,0
0,1,120,5,0,0,1,0,125000,93750,0,0,0.75,0
0,1,24,3,0,0,2,0,49500,44550,0,0,0.9,0
0,1,96,10,0,0,2,0,50000,45000,0,0,0.9,0
0,0,120,1,0,0,2,0,250000,212500,1,0,0.85,0
0,1,300,12,0,0,2,0,212000,180200,0,1,0.85,0
0,0,84,10,0,0,2,0,200000,170000,1,0,0.85,0
0,1,240,16,0,0,2,0,171000,128250,0,1,0.75,0
0,1,84,27,0,0,2,0,125000,112500,0,0,0.9,0
0,1,240,2,6,6,1,0,180000,180000,0,1,1,0
0,0,120,7,0,0,2,0,550000,465850,0,0,0.847,0
0,0,155,12,0,0,2,0,230000,195500,1,0,0.85,0
0,0,240,1,0,0,2,0,270000,229500,0,1,0.85,0
0,0,120,2,2,2,0,0,138000,103500,0,0,0.75,0
0,0,300,1,0,0,2,0,120000,108000,1,1,0.9,0
0,1,84,3,0,0,2,0,115000,103500,1,0,0.9,0
0,1,300,6,6,6,1,0,348000,261000,0,1,0.75,0
0,1,240,3,3,3,1,0,750000,750000,0,1,1,0
1,0,110,5,0,5,1,62767,65000,52000,0,0,0.8,1
0,0,84,4,0,0,2,0,80000,72000,1,0,0.9,0
0,1,300,3,0,0,1,0,480000,360000,0,1,0.75,0
1,0,52,6,0,6,1,103524,125000,93750,0,0,0.75,0
0,1,60,8,2,8,1,0,75000,37500,0,0,0.5,0
0,1,120,6,0,0,2,0,90000,81000,1,0,0.9,0
0,0,120,10,0,10,1,0,200000,150000,0,0,0.75,0
0,0,300,5,0,0,2,0,100000,90000,1,1,0.9,0
0,1,120,1,0,0,2,0,60000,54000,0,0,0.9,0
0,1,288,1,0,1,1,0,225000,168750,0,1,0.75,0
0,0,84,5,3,5,0,0,40000,32000,0,0,0.8,0
0,0,306,13,12,13,1,0,1000000,750000,0,1,0.75,0
0,0,84,55,10,55,1,0,250000,187500,0,0,0.75,0
0,0,240,13,0,0,1,0,574000,430500,0,1,0.75,0
0,1,120,5,0,5,1,0,250000,187500,0,0,0.75,0
0,1,96,4,0,0,2,0,150000,135000,0,0,0.9,0
0,0,240,6,4,6,1,0,129000,129000,0,1,1,0
0,1,300,9,0,9,1,0,675000,506250,0,1,0.75,0
0,1,240,5,5,5,1,0,185000,138750,0,1,0.75,0
0,1,60,1,0,1,1,0,25200,20160,0,0,0.8,0
0,1,300,10,0,10,1,0,500000,362700,0,1,0.7254,0
0,1,303,2,0,2,1,0,222000,166500,0,1,0.75,0
0,1,300,2,0,0,2,0,161000,128800,1,1,0.8,0
0,0,180,3,2,5,1,0,500000,375000,1,0,0.75,0
0,1,300,2,5,2,1,0,135000,101250,0,1,0.75,0
0,1,300,26,0,26,1,0,1344400,680857,0,1,0.5064393,0
0,0,300,26,0,26,1,0,136500,69129,0,1,0.50643957,0
0,1,300,57,0,57,1,0,193000,144750,0,1,0.75,0
0,1,300,4,0,4,1,0,126000,94500,0,1,0.75,0
0,1,240,18,14,18,1,0,688000,688000,0,1,1,0
0,1,60,5,0,5,1,0,50000,25000,0,0,0.5,0
0,0,300,5,2,7,1,0,594000,445500,0,1,0.75,0
0,1,300,130,4,130,1,0,1149000,749998,0,1,0.65273976,0
0,0,240,16,17,0,1,0,577000,577000,0,1,1,0
0,1,84,2,20,20,1,0,500000,375000,1,0,0.75,0
0,1,120,3,0,3,1,0,115400,86550,0,0,0.75,0
0,1,300,1,0,1,1,0,333000,249750,0,1,0.75,0
1,0,8,5,0,0,1,32877,127500,95625,0,0,0.75,0
0,0,114,2,2,2,1,0,25000,20000,1,0,0.8,0
0,1,300,10,0,10,1,0,517500,388125,0,1,0.75,0
0,0,306,6,0,6,1,0,607000,455250,0,1,0.75,0
1,0,106,14,2,16,1,279312,400000,300000,0,0,0.75,0
0,1,83,2,1,2,1,0,88000,44000,0,0,0.5,0
0,0,240,47,4,0,1,0,414000,414000,0,1,1,0
0,1,240,5,5,0,1,0,163000,163000,0,1,1,0
0,0,87,10,2,10,1,0,100000,80000,0,0,0.8,1
0,1,84,2,0,0,2,0,35000,31500,1,0,0.9,0
0,0,240,15,5,15,1,0,536000,536000,0,1,1,0
0,1,240,3,5,3,1,0,188000,188000,0,1,1,0
0,0,240,7,3,4,1,0,250000,250000,0,1,1,0
0,0,240,5,5,0,1,0,338000,338000,0,1,1,0
0,1,36,4,0,4,1,0,55000,27500,0,0,0.5,0
0,1,36,3,3,3,1,0,75000,37500,0,0,0.5,0
0,0,240,18,10,0,1,0,440000,440000,0,1,1,0
0,1,109,2,0,0,1,0,229200,171900,1,0,0.75,0
0,1,300,2,0,2,1,0,125100,93825,0,1,0.75,0
0,0,108,3,0,0,2,0,243000,206550,1,0,0.85,0
0,1,120,4,0,0,2,0,90000,72000,1,0,0.8,0
0,0,120,68,2,2,1,0,1000000,750000,0,0,0.75,0
0,1,84,1,4,1,1,0,100000,80000,1,0,0.8,1
0,1,120,3,1,3,1,0,100000,75000,0,0,0.75,0
0,1,240,40,20,0,1,0,751000,751000,0,1,1,0
0,1,303,1,0,1,1,0,1000000,750000,0,1,0.75,0
0,1,60,1,0,0,1,0,30000,25500,1,0,0.85,0
0,0,300,6,0,6,1,0,701400,526050,0,1,0.75,0
0,0,84,1,8,8,0,0,80000,68000,1,0,0.85,1
0,1,120,2,1,3,1,0,220000,165000,0,0,0.75,0
0,0,300,3,7,10,1,0,306000,229500,0,1,0.75,0
0,0,240,2,0,0,1,0,322400,241800,0,1,0.75,0
0,1,120,2,0,0,2,0,150000,120000,1,0,0.8,0
0,0,300,20,10,20,1,0,750000,562500,0,1,0.75,0
0,1,240,12,4,12,1,0,256000,256000,0,1,1,0
0,0,84,2,3,2,1,0,250000,187500,0,0,0.75,1
1,1,42,2,0,2,1,29979,30000,15000,0,0,0.5,0
0,1,96,10,0,0,2,0,25000,22500,0,0,0.9,0
0,1,300,10,0,0,0,0,409500,307125,0,1,0.75,0
0,0,120,6,0,0,2,0,200000,170000,1,0,0.85,0
0,0,76,2,0,0,2,0,60000,54000,1,0,0.9,0
0,1,300,4,2,2,1,0,222700,167025,0,1,0.75,0
0,0,240,6,2,0,1,0,158000,158000,0,1,1,0
0,1,84,1,0,0,2,0,80000,72000,0,0,0.9,0
0,0,120,2,0,0,2,0,210000,178500,1,0,0.85,0
0,0,120,1,1,1,1,0,254500,190875,0,0,0.75,0
0,0,240,60,18,42,2,0,619000,619000,0,1,1,0
0,0,120,5,0,0,2,0,50000,40000,0,0,0.8,0
0,1,84,2,0,2,1,0,99000,84150,0,0,0.85,1
0,1,300,3,0,0,1,0,330000,247500,0,1,0.75,0
0,1,300,13,0,13,1,0,157000,117750,0,1,0.75,0
0,1,84,3,0,0,2,0,75000,67500,0,0,0.9,0
0,1,120,4,0,0,1,0,455000,341250,0,0,0.75,0
0,0,60,4,0,4,1,0,35000,17500,0,0,0.5,0
0,1,240,2,3,0,1,0,181000,181000,0,1,1,0
0,0,84,5,0,0,2,0,140000,126000,0,0,0.9,0
0,0,300,35,0,35,1,0,333000,249750,0,1,0.75,0
0,1,300,5,1,5,1,0,345000,258750,0,1,0.75,0
0,1,300,20,0,20,1,0,260000,195000,0,1,0.75,0
0,1,300,6,4,2,1,0,545000,408750,0,1,0.75,0
0,0,300,2,0,0,2,0,240000,204000,0,1,0.85,0
0,1,300,50,0,0,1,0,143000,107250,0,1,0.75,0
0,1,240,2,0,2,1,0,434000,434000,0,1,1,0
1,0,31,1,0,0,2,5604,60000,54000,1,0,0.9,0
0,1,84,9,0,0,2,0,369000,295200,0,0,0.8,0
0,0,84,3,1,3,1,0,50000,25000,1,0,0.5,1
0,1,240,600,40,0,1,0,1000000,1000000,0,1,1,0
0,0,60,1,0,0,2,0,288000,244800,0,0,0.85,0
0,0,120,12,0,0,1,0,270000,202500,0,0,0.75,0
0,0,120,2,0,0,2,0,58000,52200,1,0,0.9,0
0,0,108,2,0,2,0,0,135000,114750,0,0,0.85,0
0,1,180,13,0,0,2,0,211900,180115,0,0,0.85,0
0,1,87,4,0,0,2,0,183000,150060,1,0,0.82,0
1,1,138,3,0,0,2,74525,89000,80100,0,0,0.9,0
0,0,84,3,0,0,2,0,60000,54000,0,0,0.9,0
0,0,300,1,0,1,1,0,220000,165000,0,1,0.75,0
0,1,120,2,0,0,2,0,94000,75200,1,0,0.8,0
0,0,120,3,1,2,1,0,435000,326250,0,0,0.75,0
0,1,240,8,0,0,2,0,265500,225675,1,1,0.85,0
0,0,240,7,0,0,2,0,110000,99000,0,1,0.9,0
0,0,272,10,0,0,2,0,700000,595000,0,1,0.85,0
0,1,120,9,15,9,1,0,400000,300000,0,0,0.75,0
0,0,304,5,0,5,1,0,899000,674250,0,1,0.75,0
0,1,84,25,0,0,2,0,135000,121500,0,0,0.9,0
0,1,300,7,0,7,1,0,866800,650100,0,1,0.75,0
0,0,300,5,0,5,1,0,435000,326250,0,1,0.75,0
0,0,300,13,4,13,1,0,864000,648000,0,1,0.75,0
0,0,96,2,0,0,2,0,60000,48000,0,0,0.8,0
0,1,72,2,0,0,2,0,64700,58230,0,0,0.9,0
0,0,120,5,0,0,2,0,100000,90000,1,0,0.9,0
0,0,300,10,0,0,1,0,810000,607500,0,1,0.75,0
0,0,240,15,5,15,1,0,168000,126000,0,1,0.75,0
0,1,300,6,0,6,1,0,350000,262500,0,1,0.75,0
0,0,120,3,0,0,2,0,85000,76500,1,0,0.9,0
0,0,300,10,6,16,1,0,74300,63155,0,1,0.85,0
0,1,240,24,6,0,1,0,848000,848000,0,1,1,0
0,1,240,55,40,0,1,0,1000000,1000000,0,1,1,0
0,1,123,12,4,12,1,0,862500,646875,1,0,0.75,0
0,1,120,5,0,5,1,0,120000,102000,0,0,0.85,0
0,0,276,25,0,0,2,0,97500,82875,0,1,0.85,0
0,0,300,25,0,0,2,0,626000,532100,0,1,0.85,0
0,0,300,2,4,2,1,0,360000,270000,1,1,0.75,0
0,0,273,4,0,0,2,0,320000,272000,1,1,0.85,0
0,1,240,3,2,0,1,0,726000,726000,0,1,1,0
0,1,240,5,5,0,1,0,235000,235000,0,1,1,0
0,0,84,3,0,0,2,0,75000,67500,1,0,0.9,0
0,0,300,6,0,6,1,0,428000,321000,0,1,0.75,0
0,0,66,6,0,0,1,0,125000,106250,0,0,0.85,0
0,1,123,4,1,4,1,0,150000,127500,0,0,0.85,0
0,0,180,5,2,5,1,0,256800,192600,0,0,0.75,0
0,0,180,8,4,8,1,0,300000,225000,0,0,0.75,0
0,1,84,11,0,0,1,0,330000,247500,0,0,0.75,1
0,1,300,12,0,12,1,0,96800,82280,0,1,0.85,0
0,0,84,2,0,0,1,0,201000,150750,0,0,0.75,1
0,0,228,10,0,0,2,0,170000,136000,1,0,0.8,0
1,0,41,4,0,0,0,32099,50000,42500,1,0,0.85,0
0,1,120,23,0,23,1,0,250000,187500,0,0,0.75,0
0,1,120,15,0,0,1,0,375000,281250,0,0,0.75,0
0,1,300,9,0,0,1,0,614700,461025,0,1,0.75,0
0,0,300,4,0,4,1,0,189000,141750,0,1,0.75,0
0,0,84,1,5,1,1,0,280000,210000,1,0,0.75,1
0,0,12,15,1,16,2,0,50000,42500,0,0,0.85,0
0,0,60,2,0,0,2,0,65000,58500,0,0,0.9,0
0,1,240,6,6,0,1,0,68000,68000,0,1,1,0
0,0,60,20,0,0,1,0,150000,75000,0,0,0.5,0
0,1,240,14,0,0,2,0,670000,536670,0,1,0.801,0
0,0,240,30,5,25,1,0,1000000,1000000,0,1,1,0
0,1,122,8,0,8,0,0,115000,97750,0,0,0.85,0
0,0,84,1,1,1,0,0,25000,21250,0,0,0.85,1
0,0,116,2,1,3,1,0,152500,114375,1,0,0.75,0
0,0,240,60,130,70,1,0,981000,981000,0,1,1,0
0,0,300,8,0,8,1,0,396000,297000,0,1,0.75,0
0,0,180,13,3,13,1,0,250000,187500,0,0,0.75,0
0,1,120,5,0,0,2,0,80000,72000,1,0,0.9,0
0,1,240,129,16,0,1,0,1000000,1000000,0,1,1,0
1,0,78,25,0,0,2,128378,675000,573750,1,0,0.85,0
0,1,120,35,0,35,1,0,330000,247500,0,0,0.75,0
0,1,120,1,0,1,1,0,145900,124015,0,0,0.85,0
0,0,300,6,0,6,1,0,497000,372750,0,1,0.75,0
0,1,300,13,0,0,2,0,130000,117000,0,1,0.9,0
0,0,240,32,4,32,1,0,380000,380000,0,1,1,0
0,0,120,3,0,0,1,0,175000,131250,0,0,0.75,0
0,0,300,13,0,0,2,0,199598,159678,0,1,0.799998,0
0,1,240,57,15,0,1,0,935000,935000,0,1,1,0
0,0,300,2,5,0,1,0,315000,236250,1,1,0.75,0
0,1,300,2,0,2,1,0,377500,283125,0,1,0.75,0
0,1,300,34,0,34,1,0,323000,242250,0,1,0.75,0
0,1,240,9,2,7,1,0,732000,732000,0,1,1,0
0,1,84,1,0,1,1,0,24400,12200,0,0,0.5,1
0,0,84,1,0,0,1,0,50000,42500,1,0,0.85,1
0,1,120,9,0,0,2,0,167300,142205,1,0,0.85,0
0,0,120,4,0,0,1,0,283000,212250,0,0,0.75,0
0,1,84,6,0,0,1,0,55000,46750,0,0,0.85,1
0,0,120,2,0,0,1,0,125000,62500,0,0,0.5,0
0,1,300,5,0,5,1,0,148500,126225,0,1,0.85,0
0,0,305,10,0,10,1,0,712300,534225,0,1,0.75,0
0,0,300,2,0,2,1,0,700000,525000,0,1,0.75,0
0,0,240,40,20,60,1,0,1278000,1278000,0,1,1,0
0,1,300,5,2,7,1,0,346000,259500,0,1,0.75,0
0,1,240,4,21,0,1,0,138000,138000,0,1,1,0
0,0,300,10,0,0,1,0,760500,570375,0,1,0.75,0
0,1,108,2,0,2,1,0,240500,180375,0,0,0.75,0
0,0,300,3,0,3,1,0,150000,75000,0,1,0.5,0
0,1,240,10,10,0,1,0,803000,803000,0,1,1,0
0,1,120,1,0,1,1,0,186800,140100,1,0,0.75,0
0,1,36,1,5,1,1,0,45000,22500,0,0,0.5,0
0,1,204,2,0,2,1,0,218900,142285,0,0,0.65,0
1,1,33,1,0,1,1,26503,30000,15000,0,0,0.5,0
0,1,36,3,0,3,1,0,10000,5000,0,0,0.5,0
0,1,240,6,0,6,1,0,331000,331000,0,1,1,0
1,0,9,3,2,5,1,43029,50000,25000,0,0,0.5,0
0,0,84,1,1,1,1,0,50000,42500,1,0,0.85,1
0,1,300,2,0,2,1,0,496000,372000,0,1,0.75,0
0,1,300,7,0,7,1,0,175000,131250,0,1,0.75,0
0,1,60,8,5,5,1,0,150000,75000,0,0,0.5,0
0,1,300,1,0,1,0,0,400000,300000,0,1,0.75,0
0,1,300,2,5,7,1,0,738700,554025,1,1,0.75,0
0,1,240,16,5,0,1,0,399000,399000,0,1,1,0
0,0,84,4,1,4,1,0,30000,15000,0,0,0.5,1
0,0,300,6,0,6,1,0,574000,430500,0,1,0.75,0
0,1,120,6,0,0,1,0,1333000,999750,0,0,0.75,0
0,0,300,1,2,1,1,0,201000,150750,0,1,0.75,0
0,1,240,225,75,150,1,0,762000,762000,0,1,1,0
0,0,36,1,0,1,1,0,30000,15000,0,0,0.5,0
0,0,96,7,1,7,1,0,150000,127500,1,0,0.85,0
0,1,70,1,1,1,1,0,30000,15000,0,0,0.5,1
0,1,36,7,2,7,1,0,25000,12500,0,0,0.5,0
0,0,120,8,0,0,2,0,100000,90000,1,0,0.9,0
0,0,60,7,2,7,1,0,25000,12500,0,0,0.5,0
0,0,120,2,0,2,1,0,191000,143250,0,0,0.75,0
1,0,54,2,0,0,1,36650,70000,59500,1,0,0.85,0
0,0,300,3,0,0,1,0,550000,412500,0,1,0.75,0
0,1,84,1,0,1,1,0,10000,5000,1,0,0.5,1
0,1,300,11,0,0,1,0,374400,280800,0,1,0.75,0
0,1,120,6,0,0,1,0,925000,693750,0,0,0.75,0
0,1,240,65,32,0,1,0,1000000,1000000,0,1,1,0
0,0,252,14,2,14,1,0,300000,225000,0,1,0.75,0
0,1,96,10,2,10,1,0,223000,167250,0,0,0.75,0
0,0,288,16,0,16,1,0,169300,126975,0,1,0.75,0
0,0,84,15,0,0,2,0,60000,54000,0,0,0.9,0
0,1,228,2,0,0,1,0,359000,269250,0,0,0.75,0
0,0,300,10,2,10,1,0,431000,323250,0,1,0.75,0
0,0,84,1,1,1,1,0,15000,7500,0,0,0.5,1
0,1,276,5,0,5,1,0,370000,277500,0,1,0.75,0
0,0,300,13,0,13,1,0,925000,693750,0,1,0.75,0
0,0,120,3,0,0,1,0,135000,114750,0,0,0.85,0
0,1,84,1,0,0,1,0,28300,24055,1,0,0.85,1
0,1,300,2,0,2,1,0,666000,499500,0,1,0.75,0
0,1,300,10,1,11,1,0,735000,551250,0,1,0.75,0
0,0,120,5,2,10,1,0,84000,63000,0,0,0.75,0
0,0,84,2,15,2,1,0,105000,89250,1,0,0.85,1
0,0,84,30,0,0,2,0,317000,253600,0,0,0.8,0
0,1,300,5,2,3,1,0,493400,370050,0,1,0.75,0
0,1,120,9,0,9,1,0,595000,446250,0,0,0.75,0
1,1,26,3,2,3,1,16251,20000,10000,0,0,0.5,0
0,0,120,16,0,0,2,0,155000,139500,0,0,0.9,0
1,1,20,7,1,7,1,26260,45000,22500,0,0,0.5,0
0,0,8,7,1,7,1,0,12000,6000,0,0,0.5,0
0,1,300,5,0,5,1,0,550000,412500,0,1,0.75,0
0,1,300,10,2,10,1,0,1170000,877500,0,1,0.75,0
0,1,96,9,0,0,1,0,150000,75000,0,0,0.5,0
0,1,74,16,0,0,1,0,250000,187500,0,0,0.75,1
0,0,240,8,0,8,1,0,1071000,1071000,0,1,1,0
0,1,120,5,5,5,1,0,1285000,963750,1,0,0.75,0
0,1,300,2,0,2,1,0,243000,182250,0,1,0.75,0
0,0,300,2,0,2,1,0,289000,216750,0,1,0.75,0
0,0,300,6,0,0,1,0,1000000,750000,0,1,0.75,0
1,0,39,1,4,1,1,48193,50000,25000,0,0,0.5,0
0,1,300,2,0,2,1,0,410500,307875,0,1,0.75,0
0,0,254,4,0,0,2,0,412000,350200,0,1,0.85,0
0,0,84,11,0,0,1,0,150000,127500,1,0,0.85,0
0,1,276,4,4,4,1,0,1352100,999999,0,1,0.7395895,0
0,1,300,8,0,0,1,0,576000,432000,0,1,0.75,0
0,0,300,2,3,0,1,0,321300,240975,1,1,0.75,0
0,1,84,4,2,4,2,0,20000,17000,0,0,0.85,1
1,0,1,1,0,1,2,415,5000,4250,0,0,0.85,0
0,1,240,3,3,0,1,0,1298000,1298000,0,1,1,0
0,1,240,3,3,3,1,0,600000,450000,0,1,0.75,0
0,1,60,5,0,5,1,0,75000,63750,0,0,0.85,0
0,1,240,85,5,85,1,0,1300000,1300000,0,1,1,0
0,0,83,1,0,1,1,0,15000,7500,0,0,0.5,0
0,0,36,2,1,1,1,0,150000,75000,0,0,0.5,0
0,1,300,80,0,80,1,0,1084000,813000,0,1,0.75,0
1,0,13,2,3,0,1,47142,150000,127500,0,0,0.85,0
1,1,91,5,3,5,1,114474,135000,114750,0,0,0.85,0
0,1,240,237,75,0,1,0,907000,907000,0,1,1,0
0,0,96,13,6,13,1,0,1250000,937500,0,0,0.75,0
0,1,120,48,5,48,1,0,2000000,1000000,0,0,0.5,0
0,1,60,5,0,0,2,0,145590,131031,1,0,0.9,0
0,0,240,2,1,0,1,0,153000,153000,0,1,1,0
0,1,300,12,0,12,1,0,600000,450000,0,1,0.75,0
0,1,120,4,1,4,1,0,183300,137475,0,0,0.75,0
0,1,60,1,1,1,1,0,15000,7500,0,0,0.5,0
0,1,240,3,3,0,1,0,182000,182000,0,1,1,0
0,0,78,2,0,0,1,0,150000,127500,1,0,0.85,1
0,1,84,1,0,1,1,0,25000,12500,0,0,0.5,0
0,1,300,15,0,15,1,0,625500,469125,0,1,0.75,0
0,0,84,1,1,2,1,0,25000,21250,0,0,0.85,0
0,1,84,8,0,8,1,0,50000,25000,0,0,0.5,0
0,1,300,6,0,6,1,0,1330000,997500,0,1,0.75,0
0,1,276,14,0,0,1,0,292900,219675,0,1,0.75,0
0,1,84,75,0,75,1,0,700000,525000,0,0,0.75,0
1,1,40,4,2,4,1,4805,40000,20000,0,0,0.5,0
0,1,240,3,3,0,1,0,532000,532000,1,1,1,0
0,1,300,8,0,8,1,0,739500,554625,0,1,0.75,0
0,0,300,3,0,3,1,0,725000,543750,0,1,0.75,0
0,1,60,2,0,2,1,0,25000,12500,0,0,0.5,1
0,0,120,16,0,0,2,0,75000,67500,1,0,0.9,0
0,1,60,2,0,2,1,0,10000,5000,0,0,0.5,1
0,0,84,3,0,3,1,0,10000,5000,0,0,0.5,0
0,1,120,2,15,17,1,0,240000,180000,1,0,0.75,0
0,1,300,10,3,10,1,0,706100,529575,0,1,0.75,0
0,0,240,57,25,0,1,0,541000,541000,0,1,1,0
0,0,240,4,4,0,0,0,128000,128000,0,1,1,0
0,0,300,6,0,0,2,0,286800,243780,0,1,0.85,0
0,0,84,10,1,1,1,0,1450000,999999,0,0,0.68965447,0
0,0,300,20,0,20,1,0,1232500,924375,0,1,0.75,0
0,1,84,3,2,3,1,0,50000,25000,0,0,0.5,0
0,0,120,1,2,2,1,0,107000,90950,1,0,0.85,0
0,1,120,14,0,0,2,0,300000,255000,1,0,0.85,0
0,1,300,5,0,5,1,0,1200000,900000,0,1,0.75,0
0,0,300,12,0,12,1,0,562500,421875,0,1,0.75,0
0,0,84,2,1,2,1,0,30000,15000,0,0,0.5,0
0,1,120,1,0,0,2,0,50000,45000,0,0,0.9,0
0,1,36,2,0,2,0,0,16700,8350,0,0,0.5,0
1,0,42,2,5,2,1,9549,10000,5000,0,0,0.5,0
0,1,132,2,0,0,2,0,125000,108212,1,0,0.865696,0
1,1,29,2,0,0,1,14977,15000,7500,0,0,0.5,0
0,0,84,1,6,1,1,0,10000,5000,1,0,0.5,0
0,0,84,1,0,1,1,0,40000,20000,0,0,0.5,0
0,0,300,5,0,0,2,0,807500,646000,0,1,0.8,0
0,0,84,2,0,2,1,0,50000,25000,0,0,0.5,0
1,0,30,1,0,1,2,8432,15000,12750,0,0,0.85,0
0,1,84,30,0,30,1,0,50000,25000,0,0,0.5,0
0,0,84,3,0,3,1,0,15000,7500,0,0,0.5,0
0,0,120,2,1,2,1,0,120000,102000,0,0,0.85,0
0,1,300,3,0,3,1,0,763000,572250,1,1,0.75,0
0,1,60,2,1,2,1,0,35000,17500,0,0,0.5,0
1,0,13,2,0,2,1,5164,35000,17500,0,0,0.5,0
0,1,36,1,0,1,1,0,15000,7500,0,0,0.5,0
0,0,300,2,0,2,1,0,420000,315000,0,1,0.75,0
0,1,300,6,0,0,2,0,216000,162000,0,1,0.75,0
0,1,300,15,15,0,1,0,500000,375000,0,1,0.75,0
0,0,132,1,0,0,2,0,257000,179900,0,0,0.7,0
0,0,300,9,0,9,1,0,1020000,765000,0,1,0.75,0
0,0,120,15,0,15,1,0,830000,622500,0,0,0.75,0
1,1,8,2,1,2,1,2242,10000,5000,0,0,0.5,0
0,0,300,3,0,3,1,0,100000,75000,1,1,0.75,0
1,1,2,4,1,4,1,3928,35000,17500,0,0,0.5,0
0,1,300,10,0,0,2,0,337600,253200,0,1,0.75,0
0,1,84,8,0,8,1,0,35000,17500,0,0,0.5,0
0,1,300,8,4,8,1,0,318700,239025,0,1,0.75,0
0,0,120,15,0,0,2,0,397000,277900,1,0,0.7,0
0,0,240,53,22,0,1,0,127000,127000,0,1,1,0
1,0,70,2,7,2,2,9209,10000,8500,0,0,0.85,1
0,0,120,2,0,2,1,0,419000,314250,0,0,0.75,0
0,0,240,13,10,0,1,0,999000,999000,0,1,1,0
0,1,41,3,5,3,1,0,30000,15000,0,0,0.5,0
0,0,300,1,10,11,1,0,500000,375000,0,1,0.75,0
0,0,240,12,10,12,1,0,657000,657000,0,1,1,0
0,0,300,1,1,1,1,0,397000,297750,0,1,0.75,0
0,1,240,5,25,5,1,0,269000,269000,0,1,1,0
0,0,84,3,1,3,1,0,30000,15000,0,0,0.5,0
0,1,300,17,0,17,1,0,296200,222150,0,1,0.75,0
1,0,29,8,0,8,1,1494,50000,25000,0,0,0.5,0
0,0,240,4,2,4,1,0,256000,256000,0,1,1,0
0,1,60,1,0,1,1,0,25000,12500,0,0,0.5,1
0,1,120,1,1,1,1,0,35000,17500,0,0,0.5,0
0,1,300,2,0,0,1,0,500000,375000,0,1,0.75,0
0,1,36,1,0,1,1,0,35000,17500,0,0,0.5,0
0,1,87,6,0,0,1,0,78000,66300,1,0,0.85,0
0,1,84,1,0,0,1,0,19100,9550,0,0,0.5,0
0,0,300,6,2,4,1,0,500000,375000,0,1,0.75,0
0,1,240,12,4,0,1,0,366000,366000,0,1,1,0
1,1,19,3,2,3,1,38398,50000,25000,0,0,0.5,0
0,0,120,4,4,8,1,0,290000,217500,0,0,0.75,0
0,1,84,3,0,0,2,0,180000,153000,0,0,0.85,0
0,0,84,5,0,5,1,0,50000,25000,0,0,0.5,0
0,0,306,2,0,2,1,0,500000,375000,0,1,0.75,0
1,0,57,2,0,2,2,4331,5000,4250,0,0,0.85,0
0,0,240,12,6,0,1,0,298000,298000,0,1,1,0
0,0,84,2,4,2,1,0,10000,5000,0,0,0.5,0
1,1,23,3,0,0,1,34549,40000,20000,0,0,0.5,0
0,1,240,3,2,0,1,0,126000,126000,0,1,1,0
0,0,120,1,1,1,0,0,120000,102000,1,0,0.85,0
0,0,240,15,5,15,1,0,1300000,1300000,0,1,1,0
0,1,36,1,1,1,1,0,20000,10000,0,0,0.5,0
0,1,84,1,0,1,1,0,10000,5000,0,0,0.5,0
0,1,300,5,3,5,1,0,294000,220500,0,1,0.75,0
0,0,120,5,3,5,1,0,151000,113250,0,0,0.75,0
0,1,240,15,15,15,1,0,422000,422000,0,1,1,0
1,0,50,2,1,2,1,20521,26000,13000,0,0,0.5,0
0,1,300,1,0,1,1,0,508500,381375,0,1,0.75,0
0,0,84,7,5,7,1,0,50000,25000,0,0,0.5,0
1,0,19,3,1,3,1,31037,56000,28000,0,0,0.5,0
0,0,84,6,0,6,1,0,50000,25000,0,0,0.5,0
0,0,120,4,0,0,1,0,300000,225000,1,0,0.75,0
0,0,36,1,0,1,0,0,15000,7500,0,0,0.5,0
0,0,84,1,0,1,1,0,5000,2500,0,0,0.5,0
1,0,51,15,1,15,1,75872,123000,61500,0,0,0.5,0
0,1,84,2,0,2,1,0,50000,25000,0,0,0.5,0
0,0,240,65,32,0,1,0,372000,372000,0,1,1,0
0,1,60,3,2,3,1,0,50000,25000,0,0,0.5,1
0,0,240,17,10,17,1,0,351000,351000,0,1,1,0
0,1,300,2,0,2,1,0,1056200,766917,0,1,0.7261096,0
0,1,96,3,0,0,1,0,110000,93500,0,0,0.85,0
0,0,276,2,0,2,1,0,1015600,761700,1,1,0.75,0
0,0,84,8,0,8,1,0,10000,5000,0,0,0.5,0
0,1,240,4,4,0,1,0,204000,204000,1,1,1,0
0,0,36,1,0,1,1,0,10000,5000,0,0,0.5,0
0,0,84,2,0,2,1,0,50000,25000,0,0,0.5,0
0,0,84,2,1,2,1,0,150000,127500,1,0,0.85,0
0,0,84,2,0,2,1,0,5000,2500,1,0,0.5,0
0,1,84,11,0,0,2,0,300000,255000,0,0,0.85,0
0,1,300,11,0,0,2,0,220000,165000,0,1,0.75,0
1,1,63,8,0,8,1,16847,25000,12500,0,0,0.5,1
0,0,120,2,0,2,1,0,150000,127500,0,0,0.85,0
0,1,126,10,0,10,1,0,145000,108750,0,0,0.75,0
1,1,55,1,0,1,1,4835,5000,2500,0,0,0.5,1
1,1,58,8,1,8,1,49950,50000,25000,0,0,0.5,1
0,1,84,1,0,1,2,0,10000,8500,0,0,0.85,0
0,1,300,1,1,1,1,0,427100,320325,0,1,0.75,0
0,1,84,3,0,3,1,0,25000,12500,0,0,0.5,0
0,1,84,1,2,1,2,0,5000,4250,0,0,0.85,0
1,1,25,4,1,4,2,4931,10000,8500,0,0,0.85,0
1,1,72,8,0,0,0,203460,484000,363000,0,0,0.75,1
0,0,120,10,0,10,1,0,107700,91545,0,0,0.85,0
0,0,120,3,1,3,1,0,97800,83130,0,0,0.85,0
0,0,300,16,0,0,2,0,345000,241500,0,1,0.7,0
0,0,84,1,2,1,1,0,10000,5000,0,0,0.5,0
0,0,120,18,0,18,1,0,1310000,982500,1,0,0.75,0
0,0,300,8,2,6,1,0,571500,428625,0,1,0.75,0
0,0,84,5,0,5,1,0,5000,2500,0,0,0.5,0
0,0,300,2,0,2,1,0,765000,573750,0,1,0.75,0
0,1,60,30,8,30,1,0,150000,75000,0,0,0.5,1
0,0,300,70,13,57,1,0,765000,573750,0,1,0.75,0
1,1,74,1,1,1,2,4724,5000,4250,1,0,0.85,0
0,0,240,14,0,1,0,0,136000,136000,0,1,1,0
0,1,83,1,1,1,1,0,30000,15000,0,0,0.5,0
0,1,36,1,0,1,1,0,25000,12500,0,0,0.5,0
1,1,58,2,0,2,1,50000,50000,25000,0,0,0.5,1
1,0,54,1,5,1,1,14998,25000,12500,0,0,0.5,1
0,0,300,4,4,4,1,0,465000,348750,0,1,0.75,0
1,0,4,1,2,1,1,34981,35000,17500,0,0,0.5,0
0,1,300,12,2,12,1,0,700000,525000,0,1,0.75,0
0,0,60,7,0,0,2,0,58000,40600,0,0,0.7,0
0,0,120,4,2,4,1,0,260000,195000,0,0,0.75,0
1,1,28,4,3,4,1,104752,150000,112500,0,0,0.75,0
1,1,6,4,3,4,1,28575,100000,50000,0,0,0.5,0
0,0,84,1,1,1,0,0,40000,20000,0,0,0.5,0
0,1,84,4,2,4,1,0,40000,20000,0,0,0.5,0
0,1,72,6,2,6,1,0,150000,127500,0,0,0.85,1
1,1,61,1,2,1,2,4340,5000,4250,0,0,0.85,1
0,1,84,1,0,1,1,0,10000,5000,0,0,0.5,0
0,1,84,20,5,20,1,0,20000,10000,0,0,0.5,0
0,1,300,2,0,0,1,0,1264600,948450,0,1,0.75,0
0,1,84,1,0,1,1,0,10000,5000,0,0,0.5,0
0,0,120,6,0,6,1,0,335000,251250,0,0,0.75,0
0,0,84,2,25,2,1,0,21800,10900,0,0,0.5,0
0,1,120,5,5,5,1,0,200000,100000,0,0,0.5,0
0,1,300,21,0,21,1,0,150000,127500,0,1,0.85,0
0,1,84,11,0,0,2,0,750000,525000,0,0,0.7,0
0,0,60,2,0,2,1,0,45000,22500,0,0,0.5,1
0,1,84,1,0,1,1,0,10000,5000,0,0,0.5,0
0,0,84,71,0,0,1,0,500000,375000,0,0,0.75,0
1,0,23,2,5,7,1,25000,25000,12500,0,0,0.5,0
0,0,84,2,0,2,1,0,10000,5000,1,0,0.5,0
0,1,84,1,0,1,2,0,15000,12750,0,0,0.85,0
0,1,120,3,3,3,1,0,340000,255000,1,0,0.75,0
0,1,84,1,0,1,2,0,6000,5100,0,0,0.85,0
0,0,60,1,0,1,1,0,24000,12000,0,0,0.5,1
0,1,84,3,0,3,1,0,10000,5000,1,0,0.5,0
1,1,13,5,0,0,2,1360,275000,206250,0,0,0.75,0
0,1,84,3,3,0,1,0,666000,499500,0,0,0.75,0
0,0,60,15,0,15,1,0,300000,225000,0,0,0.75,1
0,1,84,60,5,60,1,0,80000,40000,0,0,0.5,0
0,0,48,8,0,8,1,0,100000,50000,0,0,0.5,1
0,0,120,2,0,2,1,0,167000,125250,0,0,0.75,0
0,0,300,6,2,4,1,0,297500,223125,0,1,0.75,0
1,0,25,1,0,1,1,34327,50000,25000,0,0,0.5,0
0,1,300,25,5,30,1,0,603000,452250,0,1,0.75,0
0,1,84,15,0,0,1,0,50000,42500,0,0,0.85,0
0,1,240,3,3,0,1,0,81000,81000,1,1,1,0
0,1,84,3,1,3,1,0,8600,4300,0,0,0.5,0
0,1,240,70,15,0,1,0,768000,768000,0,1,1,0
0,0,240,3,6,0,1,0,284000,284000,0,1,1,0
0,1,120,2,0,0,1,0,459000,344250,0,0,0.75,0
0,0,83,3,0,3,1,0,60000,30000,0,0,0.5,0
0,1,84,1,0,1,1,0,5000,2500,1,0,0.5,0
0,0,120,3,0,3,1,0,190000,142500,0,0,0.75,0
0,0,300,2,1,2,1,0,307500,230625,1,1,0.75,0
0,0,82,5,0,2,1,0,50000,25000,0,0,0.5,0
0,1,300,4,2,4,1,0,951000,713250,1,1,0.75,0
1,1,79,1,1,1,2,5000,5000,4250,0,0,0.85,0
0,1,240,6,5,0,1,0,502000,502000,0,1,1,0
0,1,240,2,1,0,1,0,136000,136000,0,1,1,0
0,1,84,11,2,11,1,0,50000,25000,0,0,0.5,0
0,1,87,1,0,1,1,0,162000,121500,0,0,0.75,0
1,0,30,1,0,1,1,12790,15000,7500,0,0,0.5,0
0,0,84,2,0,2,1,0,50000,25000,0,0,0.5,0
0,1,84,2,0,2,1,0,10000,5000,0,0,0.5,0
0,1,84,2,0,2,1,0,60000,30000,0,0,0.5,0
0,1,84,1,0,1,0,0,14300,7150,0,0,0.5,0
1,1,27,1,0,1,0,4894,15000,7500,0,0,0.5,0
0,0,300,10,0,10,1,0,640000,480000,0,1,0.75,0
0,1,240,15,15,0,1,0,517000,517000,1,1,1,0
0,0,84,2,0,2,1,0,33000,16500,0,0,0.5,0
0,1,84,1,1,1,1,0,50000,25000,0,0,0.5,0
0,0,240,13,13,12,1,0,904000,904000,0,1,1,0
0,0,240,4,2,0,1,0,395000,395000,0,1,1,0
0,0,84,1,0,1,1,0,25000,12500,0,0,0.5,0
0,1,240,4,4,0,1,0,936000,936000,0,1,1,0
0,0,300,4,0,4,1,0,110000,93500,0,1,0.85,0
1,0,51,6,0,6,1,49750,50000,25000,0,0,0.5,1
0,1,300,7,0,7,1,0,250000,187500,0,1,0.75,0
1,1,63,5,1,5,1,49750,50000,25000,0,0,0.5,1
0,1,300,4,4,0,1,0,135000,114750,0,1,0.85,0
0,1,300,1,1,2,1,0,700000,525000,0,1,0.75,0
1,0,8,10,3,10,1,30567,50000,25000,0,0,0.5,0
0,1,84,2,0,2,1,0,35000,17500,0,0,0.5,0
0,0,300,1,2,1,1,0,337000,252750,0,1,0.75,0
0,1,300,7,1,7,1,0,1530000,999992,0,1,0.65358955,0
0,0,84,3,0,3,1,0,50000,25000,0,0,0.5,0
0,1,300,1,1,1,1,0,460000,345000,0,1,0.75,0
1,0,31,3,0,3,1,38985,50000,25000,0,0,0.5,0
0,0,84,4,5,4,1,0,57100,28550,0,0,0.5,0
0,1,84,3,1,3,1,0,35000,17500,0,0,0.5,0
1,1,54,3,0,3,1,9576,10000,5000,0,0,0.5,1
1,1,50,5,0,5,1,20993,25000,12500,0,0,0.5,1
0,0,84,12,0,12,1,0,10000,5000,1,0,0.5,0
1,0,57,3,1,3,1,50000,50000,25000,0,0,0.5,1
0,1,240,244,63,244,1,0,907000,907000,0,1,1,0
0,1,120,4,0,0,1,0,150000,127500,0,0,0.85,0
0,0,240,90,18,0,1,0,275000,275000,0,1,1,0
0,1,300,10,0,10,1,0,462000,346500,0,1,0.75,0
0,1,240,20,20,0,1,0,680000,680000,0,1,1,0
0,0,240,50,12,0,1,0,362000,362000,0,1,1,0
0,1,84,3,0,3,1,0,6000,3000,0,0,0.5,0
1,1,20,2,0,2,1,18441,25500,12750,0,0,0.5,0
1,1,11,2,0,2,0,5092,20000,10000,0,0,0.5,0
0,1,84,1,0,1,1,0,10000,5000,0,0,0.5,0
0,1,120,10,2,0,1,0,208000,156000,0,0,0.75,0
0,0,84,5,2,5,1,0,30000,15000,0,0,0.5,0
0,0,120,2,0,0,2,0,65000,58500,0,0,0.9,0
0,0,12,9,0,9,1,0,100000,50000,0,0,0.5,0
0,0,60,2,0,2,1,0,135000,67500,0,0,0.5,1
1,1,108,6,0,0,1,290002,300000,225000,0,0,0.75,0
1,1,29,9,0,9,1,37033,50000,25000,0,0,0.5,0
1,0,59,8,0,8,1,47725,47800,23900,0,0,0.5,1
0,0,84,1,5,1,1,0,45000,22500,0,0,0.5,0
1,0,34,1,1,1,1,5224,6000,3000,0,0,0.5,0
0,1,84,15,0,15,1,0,35000,17500,0,0,0.5,0
1,1,22,4,2,4,1,44121,45000,22500,0,0,0.5,0
0,1,300,5,0,5,1,0,450000,337500,0,1,0.75,0
0,0,300,7,3,11,1,0,1385000,999997,0,1,0.7220195,0
0,1,240,75,25,75,1,0,1000000,1000000,0,1,1,0
0,1,84,8,2,8,1,0,30000,15000,0,0,0.5,0
1,1,17,1,0,1,1,8463,10000,5000,0,0,0.5,0
1,1,28,1,0,1,1,6889,10000,5000,0,0,0.5,0
1,0,55,2,0,2,1,36843,37000,18500,0,0,0.5,1
0,0,240,9,9,9,1,0,1300000,1300000,0,1,1,0
1,1,20,6,0,6,1,29287,50000,25000,0,0,0.5,0
1,1,106,10,0,0,1,143620,150000,127500,0,0,0.85,0
0,1,84,1,0,1,1,0,35000,17500,0,0,0.5,0
0,0,205,3,1,3,1,0,150000,127500,0,0,0.85,0
0,0,240,34,14,0,1,0,589000,589000,0,1,1,0
1,0,37,3,0,3,1,12765,18000,9000,0,0,0.5,0
0,0,120,2,0,0,2,0,25000,22500,1,0,0.9,0
0,0,300,12,0,12,1,0,477000,357750,0,1,0.75,0
1,0,31,1,0,1,1,11049,17000,8500,0,0,0.5,0
0,1,84,2,0,2,1,0,150000,75000,0,0,0.5,0
0,0,71,2,0,2,1,0,50100,25050,0,0,0.5,0
0,1,60,8,0,0,2,0,250000,212500,0,0,0.85,0
0,1,84,3,0,3,1,0,50000,25000,0,0,0.5,0
0,0,300,10,0,0,2,0,426000,298200,0,1,0.7,0
0,1,240,107,0,1,1,0,620000,620000,0,1,1,0
1,0,40,2,2,2,2,3377,5000,4250,0,0,0.85,0
0,1,240,4,6,0,1,0,207000,207000,0,1,1,0
1,1,25,2,1,2,1,55879,100000,50000,0,0,0.5,0
0,1,84,2,0,2,1,0,10000,5000,0,0,0.5,0
0,1,240,1,4,1,1,0,176000,176000,0,1,1,0
0,0,84,2,1,2,2,0,5000,4250,0,0,0.85,0
0,0,240,85,15,85,1,0,1300000,1300000,0,1,1,0
0,0,240,6,2,6,1,0,517000,517000,0,1,1,0
0,0,120,3,0,3,1,0,301500,226125,0,0,0.75,0
0,0,60,1,1,1,1,0,25000,12500,0,0,0.5,1
0,0,33,1,0,1,1,8017,10000,5000,0,0,0.5,0
1,0,45,8,0,8,1,166805,312000,234000,0,0,0.75,1
0,0,12,2,0,2,1,0,75000,37500,0,0,0.5,0
1,1,17,3,2,3,1,28522,50000,25000,0,0,0.5,0
0,1,84,2,0,2,1,0,37000,18500,0,0,0.5,0
0,0,84,11,0,11,1,0,150000,75000,0,0,0.5,0
0,0,300,3,0,3,1,0,750000,562500,0,1,0.75,0
0,1,12,13,2,15,1,0,100000,50000,0,0,0.5,0
0,1,240,7,4,0,1,0,824000,824000,0,1,1,0
0,1,240,18,10,0,1,0,931000,931000,0,1,1,0
0,0,260,1,0,1,1,0,550100,412575,0,1,0.75,0
0,1,84,2,0,0,1,0,85000,72250,1,0,0.85,0
1,1,216,3,0,3,1,169122,472500,354375,0,0,0.75,0
0,0,84,1,1,1,1,0,50000,25000,0,0,0.5,0
0,0,72,1,0,1,1,0,15000,7500,0,0,0.5,0
0,1,96,19,0,0,1,0,150000,127500,0,0,0.85,0
0,0,84,1,0,1,1,0,5000,2500,0,0,0.5,0
0,1,84,6,1,6,1,0,50000,25000,0,0,0.5,0
0,1,82,2,0,2,1,0,25000,12500,0,0,0.5,0
0,1,240,6,5,5,1,0,175000,175000,1,1,1,0
0,0,240,2,6,0,1,0,721000,721000,0,1,1,0
0,0,84,1,0,1,1,0,10000,5000,0,0,0.5,0
0,0,84,4,0,4,0,0,25000,12500,0,0,0.5,0
1,0,8,3,1,3,1,84575,85000,42500,0,0,0.5,0
0,0,120,6,0,6,1,0,252000,189000,0,0,0.75,0
0,0,294,3,3,3,1,0,270000,202500,0,1,0.75,0
0,1,84,19,0,19,1,0,23000,11500,0,0,0.5,0
0,0,120,8,0,8,1,0,700000,525000,0,0,0.75,0
0,0,300,6,0,6,1,0,187500,140625,0,1,0.75,0
0,1,84,20,3,20,1,0,25000,12500,0,0,0.5,0
0,0,240,20,10,0,1,0,372000,372000,0,1,1,0
0,1,120,3,0,0,1,0,75000,63750,0,0,0.85,0
0,1,84,7,1,7,1,0,100000,50000,0,0,0.5,0
1,1,32,5,5,10,1,13066,13200,6600,0,0,0.5,0
1,0,36,4,0,4,1,8159,10000,5000,0,0,0.5,0
0,1,84,1,0,1,1,0,10000,5000,0,0,0.5,0
0,1,300,4,2,4,1,0,140000,119000,0,1,0.85,0
0,1,240,600,100,0,1,0,757000,757000,0,1,1,0
1,0,36,2,5,2,1,44843,45000,22500,0,0,0.5,0
0,1,240,3,27,0,1,0,1001000,1001000,0,1,1,0
0,1,300,12,4,12,1,0,314300,235725,0,1,0.75,0
0,0,240,9,11,0,1,0,249000,249000,0,1,1,0
0,1,60,2,1,2,1,0,100000,50000,0,0,0.5,1
0,1,84,3,0,3,1,0,85000,42500,0,0,0.5,0
1,0,58,5,0,5,1,49950,50000,25000,0,0,0.5,1
1,0,56,1,0,1,1,24500,25000,12500,0,0,0.5,1
0,1,84,5,0,5,1,0,50000,25000,0,0,0.5,0
0,1,36,26,6,26,1,0,40000,20000,0,0,0.5,0
1,0,27,1,0,1,1,7159,10000,5000,0,0,0.5,0
1,1,52,5,0,5,1,50000,50000,25000,0,0,0.5,1
0,1,84,10,0,10,1,0,50000,25000,0,0,0.5,0
0,0,240,110,5,0,1,0,1132000,1132000,0,1,1,0
0,1,84,1,0,1,1,0,6000,3000,0,0,0.5,0
0,1,300,2,2,4,1,0,500000,375000,0,1,0.75,0
0,1,300,14,0,14,1,0,810000,607500,0,1,0.75,0
0,0,84,1,0,1,1,0,5000,2500,0,0,0.5,0
0,0,84,3,0,3,1,0,50000,25000,0,0,0.5,0
0,0,300,2,4,2,1,0,902000,676500,0,1,0.75,0
0,1,300,6,0,6,1,0,924000,693000,0,1,0.75,0
0,0,240,4,0,4,1,0,523000,392250,0,1,0.75,0
0,0,300,1,0,0,1,0,480200,360150,1,1,0.75,0
1,1,1,10,1,11,1,84172,85000,42500,0,0,0.5,0
0,0,82,4,0,4,1,0,35000,17500,0,0,0.5,0
1,0,208,2,0,2,1,201962,420000,315000,0,0,0.75,0
0,0,60,3,0,3,1,0,80000,40000,0,0,0.5,1
0,0,300,10,0,10,1,0,567000,425250,0,1,0.75,0
0,1,300,3,3,6,1,0,371000,278250,0,1,0.75,0
0,0,84,2,0,2,1,0,50000,25000,0,0,0.5,0
0,1,84,4,0,4,1,0,50000,25000,0,0,0.5,0
1,1,19,2,0,2,1,21418,60000,30000,0,0,0.5,0
0,0,240,5,2,5,1,0,527000,527000,0,1,1,0
1,1,38,8,0,8,1,43928,50000,25000,0,0,0.5,1
0,1,240,11,4,0,1,0,425000,425000,0,1,1,0
0,0,84,3,0,3,1,0,45000,22500,0,0,0.5,0
0,1,300,25,0,25,1,0,539100,404325,0,1,0.75,0
1,0,1,6,0,6,0,5301,25000,12500,0,0,0.5,0
0,0,84,2,0,2,1,0,10000,5000,1,0,0.5,0
0,0,120,8,4,12,1,0,309000,231750,0,0,0.75,0
0,0,240,1,3,0,1,0,249000,249000,0,1,1,0
0,0,300,15,3,15,1,0,1467000,1100250,0,1,0.75,0
1,1,217,4,2,2,1,586026,1656500,1242375,0,0,0.75,0
0,1,300,2,8,2,1,0,1080000,810000,0,1,0.75,0
0,0,84,14,4,14,1,0,100000,50000,0,0,0.5,0
0,0,59,58,2,7,1,0,40000,20000,0,0,0.5,0
0,0,300,20,0,20,1,0,1423700,1067775,0,1,0.75,0
1,1,38,1,0,1,1,50000,50000,25000,0,0,0.5,0
0,0,120,39,0,39,1,0,269200,201900,0,0,0.75,0
0,1,84,1,0,1,1,0,160000,80000,0,0,0.5,0
0,1,240,40,25,0,1,0,1300000,1300000,0,1,1,0
0,1,120,15,0,0,1,0,1030100,515050,0,0,0.5,0
0,1,300,11,0,11,1,0,144000,122400,0,1,0.85,0
0,1,240,7,3,0,1,0,305000,305000,0,1,1,0
0,0,60,2,0,2,1,0,60000,30000,0,0,0.5,0
0,0,84,7,0,7,1,0,10000,5000,0,0,0.5,0
1,1,41,12,0,12,1,100000,100000,50000,0,0,0.5,1
0,0,84,2,0,2,1,0,50000,25000,0,0,0.5,0
0,0,300,8,0,8,1,0,461000,345750,0,1,0.75,0
0,1,36,2,0,2,1,0,50000,25000,0,0,0.5,1
0,1,84,1,0,1,1,0,10500,5250,0,0,0.5,0
0,1,84,1,1,1,1,0,37000,18500,0,0,0.5,0
0,1,240,11,4,0,1,0,269000,269000,0,1,1,0
0,0,36,1,0,1,1,0,30000,15000,0,0,0.5,0
0,0,84,4,3,1,1,0,10000,5000,0,0,0.5,0
0,1,120,11,0,0,1,0,463500,347625,0,0,0.75,0
0,0,120,5,0,0,2,0,110000,99000,0,0,0.9,0
1,0,27,1,0,1,1,6752,10000,5000,0,0,0.5,0
0,0,84,2,0,2,1,0,50000,25000,0,0,0.5,0
1,0,22,10,5,15,1,67231,70000,35000,0,0,0.5,0
0,0,84,1,0,1,1,0,10000,5000,0,0,0.5,0
1,1,16,1,0,1,1,19834,20000,10000,0,0,0.5,0
0,0,240,130,25,130,1,0,536000,536000,0,1,1,0
0,1,300,3,0,3,1,0,429000,321750,0,1,0.75,0
0,1,84,7,0,7,1,0,50000,25000,0,0,0.5,0
1,0,29,1,0,1,1,26537,50000,25000,0,0,0.5,0
1,0,67,4,0,4,1,50000,50000,25000,0,0,0.5,0
0,0,12,4,0,4,1,0,65000,32500,0,0,0.5,0
0,1,60,3,0,3,1,0,70000,35000,0,0,0.5,0
0,1,84,2,3,5,0,0,250000,187500,0,0,0.75,0
0,1,300,6,0,0,0,0,130000,110500,0,1,0.85,0
0,1,240,30,10,0,1,0,536000,536000,0,1,1,0
0,0,77,2,3,5,0,0,100000,50000,0,0,0.5,0
0,0,84,1,3,1,1,0,5000,2500,0,0,0.5,0
0,0,60,2,1,1,1,0,40000,20000,0,0,0.5,0
0,0,300,5,0,5,1,0,621000,465750,0,1,0.75,0
0,0,192,6,0,6,1,0,195000,146250,0,0,0.75,0
0,1,84,5,1,5,1,0,50000,25000,0,0,0.5,0
0,1,84,4,0,0,2,0,45000,40500,0,0,0.9,0
0,0,300,22,0,0,2,0,273000,191100,0,1,0.7,0
0,0,85,25,0,25,1,0,1340000,1005000,0,0,0.75,0
0,1,300,8,0,0,2,0,1000000,700000,0,1,0.7,0
0,1,300,20,19,1,1,0,1899500,1424625,0,1,0.75,0
0,1,84,2,5,7,1,0,98000,49000,0,0,0.5,0
0,1,84,2,0,2,1,0,40000,20000,0,0,0.5,0
0,1,240,12,6,0,1,0,310000,310000,0,1,1,0
1,1,33,12,2,12,1,28120,50000,25000,0,0,0.5,0
0,1,60,2,0,2,1,0,50000,25000,0,0,0.5,0
1,0,41,6,2,6,0,60786,63000,31500,0,0,0.5,1
0,1,300,17,0,17,1,0,1340000,1005000,0,1,0.75,0
0,0,84,1,0,1,1,0,15000,7500,0,0,0.5,0
0,1,300,16,4,12,1,0,675000,506250,0,1,0.75,0
0,1,300,11,0,0,1,0,294000,220500,0,1,0.75,0
0,0,300,8,0,0,2,0,401000,300750,0,1,0.75,0
0,1,300,1,0,1,1,0,302400,226800,0,1,0.75,0
0,1,240,3,5,0,1,0,208000,208000,0,1,1,0
0,0,36,1,1,2,1,0,25000,12500,0,0,0.5,0
0,0,84,1,0,1,1,0,20000,10000,0,0,0.5,0
0,1,300,11,0,11,1,0,450000,225000,0,1,0.5,0
0,1,240,4,2,0,1,0,661000,661000,0,1,1,0
0,1,240,20,5,20,1,0,665000,665000,0,1,1,0
0,1,48,3,0,0,2,0,45000,40500,0,0,0.9,0
0,0,240,8,8,0,1,0,505000,505000,0,1,1,0
0,0,36,1,0,1,1,0,30000,15000,0,0,0.5,0
0,1,300,2,0,0,2,0,500000,350000,0,1,0.7,0
0,1,82,1,0,1,1,0,25000,12500,0,0,0.5,0
0,1,12,2,2,2,1,0,100000,50000,0,0,0.5,0
0,0,300,3,0,0,1,0,675000,506250,0,1,0.75,0
0,0,84,35,0,0,2,0,100000,90000,0,0,0.9,0
0,1,120,5,0,5,1,0,200000,150000,0,0,0.75,0
0,0,60,3,0,3,1,0,130000,65000,1,0,0.5,0
1,0,129,3,0,3,1,332877,410000,307500,0,0,0.75,0
0,1,84,7,2,7,1,0,50000,25000,0,0,0.5,0
0,1,84,1,1,1,1,0,35000,17500,0,0,0.5,0
0,0,300,7,4,3,1,0,403700,302775,0,1,0.75,0
1,0,87,1,0,0,1,89902,100000,85000,1,0,0.85,0
0,1,24,3,3,3,1,0,100000,50000,0,0,0.5,0
0,1,300,5,5,10,1,0,640000,480000,0,1,0.75,0
1,1,38,2,1,3,1,39799,40000,20000,0,0,0.5,1
0,1,60,6,0,0,2,0,100000,90000,0,0,0.9,0
0,0,120,2,12,2,1,0,131000,111350,1,0,0.85,0
0,1,36,1,0,1,1,0,45000,22500,0,0,0.5,0
0,0,270,6,0,0,0,0,336000,252000,1,1,0.75,0
0,0,240,5,4,5,1,0,186000,186000,0,1,1,0
0,0,60,2,2,4,0,0,60000,30000,0,0,0.5,0
0,0,300,8,4,8,1,0,652000,489000,0,1,0.75,0
0,0,120,25,0,0,2,0,700000,595000,0,0,0.85,0
0,1,84,1,0,1,0,0,175000,131250,0,0,0.75,0
0,1,84,1,0,1,1,0,25000,12500,0,0,0.5,0
0,0,300,9,0,0,2,0,495000,371250,0,1,0.75,0
0,0,240,10,5,0,1,0,239000,239000,0,1,1,0
0,0,60,9,1,1,1,0,100000,50000,0,0,0.5,0
0,0,240,12,8,0,1,0,1300000,1300000,0,1,1,0
0,1,240,1,2,0,1,0,169000,169000,0,1,1,0
0,0,240,70,9,14,2,0,456000,456000,0,1,1,0
0,0,84,1,1,1,1,0,5000,4250,0,0,0.85,0
0,0,84,5,0,0,2,0,100000,90000,0,0,0.9,0
0,1,240,195,20,0,1,0,412000,412000,0,1,1,0
0,0,300,3,0,3,1,0,549000,411750,0,1,0.75,0
0,1,59,2,2,2,1,0,50000,25000,0,0,0.5,0
0,1,84,1,0,0,2,0,63000,56700,0,0,0.9,0
0,1,300,2,0,2,1,0,1440000,1080000,0,1,0.75,0
0,1,240,535,0,535,1,0,549000,549000,0,1,1,0
0,1,82,9,1,10,1,0,100000,50000,0,0,0.5,0
0,0,300,20,0,0,2,0,244836,183627,0,1,0.75,0
0,1,120,15,0,0,2,0,221164,187989,0,0,0.8499982,0
0,1,300,3,0,0,2,0,156000,109200,0,1,0.7,0
1,1,8,4,4,4,1,13866,100000,50000,0,0,0.5,0
0,1,84,4,0,0,1,0,20000,10000,0,0,0.5,0
0,0,300,15,1,14,1,0,639000,479250,0,1,0.75,0
0,0,84,5,0,0,0,0,100000,85000,0,0,0.85,0
0,0,120,2,0,0,1,0,253000,189750,0,0,0.75,0
0,0,84,3,0,0,2,0,96000,86400,0,0,0.9,0
0,1,300,2,1,3,1,0,178000,133500,0,1,0.75,0
0,1,84,1,0,0,1,0,10000,5000,1,0,0.5,0
0,0,84,8,0,0,2,0,50000,45000,1,0,0.9,0
0,0,300,6,0,0,2,0,185000,138750,0,1,0.75,0
0,1,240,13,9,4,2,0,105000,105000,0,1,1,0
0,1,240,220,1,220,1,0,667000,667000,0,1,1,0
0,1,36,2,2,2,1,0,50000,25000,0,0,0.5,1
0,0,86,2,0,0,2,0,75000,67500,1,0,0.9,0
1,0,219,2,2,0,1,19875,704000,528000,1,0,0.75,0
0,0,240,5,7,0,1,0,388000,388000,0,1,1,0
0,1,120,8,3,11,1,0,218300,163725,0,0,0.75,0
0,1,240,5,1,0,1,0,388000,388000,0,1,1,0
0,0,84,5,0,0,2,0,30000,27000,0,0,0.9,0
0,0,240,15,5,0,1,0,435000,435000,0,1,1,0
0,1,84,11,0,11,1,0,400000,300000,0,0,0.75,0
0,1,84,3,2,5,1,0,17000,8500,1,0,0.5,0
1,0,52,3,0,0,1,69579,85000,72250,1,0,0.85,0
0,0,120,13,0,0,2,0,100000,90000,0,0,0.9,0
0,0,84,1,0,0,1,0,50000,42500,1,0,0.85,0
0,0,300,7,0,7,1,0,227000,170250,0,1,0.75,0
1,0,28,1,1,2,1,33946,35000,17500,0,0,0.5,0
0,1,60,1,0,1,1,0,25000,12500,0,0,0.5,0
0,0,120,1,0,0,2,0,100000,70000,1,0,0.7,0
0,1,288,3,0,0,2,0,336500,252375,0,1,0.75,0
0,0,300,2,1,2,1,0,321000,240750,0,1,0.75,0
0,0,240,140,75,0,1,0,1512000,1512000,0,1,1,0
0,0,84,2,0,0,2,0,25000,22500,0,0,0.9,0
0,0,240,16,6,0,1,0,1257000,1257000,0,1,1,0
0,1,84,1,0,0,1,0,50000,25000,0,0,0.5,0
1,0,263,2,0,2,1,197158,675000,506250,0,1,0.75,0
1,1,31,10,0,0,1,19962,20000,10000,0,0,0.5,0
0,1,84,7,0,0,2,0,31833,25466,1,0,0.79998744,0
0,0,240,3,1,3,1,0,238000,238000,0,1,1,0
0,0,84,8,0,0,2,0,119500,89625,1,0,0.75,0
0,1,240,27,12,0,1,0,519000,519000,0,1,1,0
0,0,84,2,0,0,1,0,17000,8500,0,0,0.5,0
0,1,84,50,10,60,1,0,250000,125000,0,0,0.5,0
0,1,267,1,2,1,1,0,589000,441750,0,1,0.75,0
0,1,240,120,20,0,0,0,1999000,1999000,0,1,1,0
0,0,84,1,0,1,1,0,60000,30000,0,0,0.5,0
1,0,111,3,0,0,1,1255175,1525000,1143750,0,0,0.75,0
0,0,240,22,3,22,1,0,711000,711000,0,1,1,0
1,1,66,4,0,0,2,30771,37000,29600,1,0,0.8,0
0,0,240,450,100,0,1,0,593000,593000,0,1,1,0
0,0,240,13,11,0,1,0,325000,325000,0,1,1,0
0,1,240,40,5,0,1,0,1330000,1330000,0,1,1,0
0,0,84,3,0,3,1,0,25000,12500,0,0,0.5,0
0,1,12,1,2,1,1,0,25000,12500,1,0,0.5,0
0,0,85,4,0,0,2,0,18000,14400,0,0,0.8,0
0,0,240,327,20,327,1,0,1027000,1027000,0,1,1,0
0,1,240,75,0,1,1,0,1476000,1476000,0,1,1,0
0,1,240,1,0,1,1,0,144000,144000,0,1,1,0
0,0,120,2,6,2,1,0,750000,286777,1,0,0.38236934,0
0,0,300,10,0,10,1,0,297500,223125,0,1,0.75,0
0,1,240,10,10,0,1,0,931000,931000,0,1,1,0
0,1,84,8,0,8,1,0,100000,50000,0,0,0.5,0
0,1,60,1,0,1,1,0,25000,12500,0,0,0.5,0
1,0,18,1,0,0,1,4034,5000,2500,1,0,0.5,0
0,0,60,2,0,2,1,0,78000,39000,0,0,0.5,0
0,0,300,11,5,11,1,0,962900,722175,0,1,0.75,0
0,1,240,6,10,0,1,0,93000,93000,0,1,1,0
0,0,240,14,12,0,1,0,853000,853000,0,1,1,0
0,0,84,1,0,1,1,0,10000,5000,0,0,0.5,0
0,0,84,1,0,1,1,0,15000,7500,0,0,0.5,0
0,1,240,45,16,0,1,0,752000,752000,0,1,1,0
0,0,300,20,8,20,1,0,2000000,1500000,0,1,0.75,0
0,0,12,2,0,2,1,0,76000,38000,0,0,0.5,0
0,1,240,35,10,0,0,0,179000,179000,0,1,1,0
0,1,300,5,0,5,1,0,600000,450000,0,1,0.75,0
1,0,19,12,10,12,1,100000,100000,50000,0,0,0.5,0
1,1,3,2,10,2,1,161,10000,8500,0,0,0.85,0
0,0,240,50,20,0,0,0,833000,833000,0,1,1,0
1,1,38,5,2,5,1,83203,85000,42500,0,0,0.5,0
0,1,123,1,0,0,2,0,300000,225000,0,0,0.75,0
0,0,120,2,2,2,1,0,770000,577500,1,0,0.75,0
0,0,168,7,1,8,0,0,595000,446250,0,0,0.75,0
0,0,120,50,50,50,1,0,300000,225000,1,0,0.75,0
0,1,14,3,0,3,0,0,100000,50000,1,0,0.5,0
0,0,84,6,0,6,1,0,35000,17500,0,0,0.5,0
0,0,290,17,0,17,1,0,70000,59500,0,1,0.85,0
1,0,110,1,9,1,1,303096,360100,270075,1,0,0.75,0
0,0,84,1,0,0,1,0,30000,15000,0,0,0.5,0
0,0,120,21,0,21,1,0,371000,278250,0,0,0.75,0
0,1,240,70,20,50,2,0,990000,990000,0,1,1,0
0,0,71,1,0,1,1,0,15000,7500,0,0,0.5,0
0,1,240,19,35,19,1,0,988000,988000,0,1,1,0
1,1,53,5,0,0,0,90440,150000,127500,1,0,0.85,0
0,1,240,2,2,0,1,0,228000,228000,0,1,1,0
0,0,220,9,0,0,1,0,1147500,860625,0,0,0.75,0
1,1,1,2,0,0,1,40336,45000,22500,0,0,0.5,0
0,0,240,40,6,0,1,0,659000,659000,0,1,1,0
0,1,84,2,1,2,1,0,35000,17500,0,0,0.5,0
0,1,84,6,0,0,2,0,100000,80000,0,0,0.8,0
0,1,84,1,0,1,1,0,15000,7500,0,0,0.5,0
1,1,28,5,1,5,1,24485,25000,12500,0,0,0.5,1
0,0,300,1,1,1,1,0,679000,509250,0,1,0.75,0
0,0,300,7,6,7,1,0,378000,283500,0,1,0.75,0
0,1,240,13,12,13,0,0,427000,427000,0,1,1,0
0,1,240,57,15,0,1,0,1059000,1059000,0,1,1,0
0,0,240,22,28,0,1,0,1350000,1350000,0,1,1,0
0,1,300,21,0,21,1,0,790000,592500,0,1,0.75,0
0,1,240,5,3,0,1,0,221000,221000,1,1,1,0
0,1,84,1,0,1,1,0,35000,17500,0,0,0.5,0
0,0,12,7,0,7,1,0,100000,50000,0,0,0.5,0
0,0,84,4,0,4,1,0,50000,25000,0,0,0.5,0
0,1,84,1,1,2,0,0,264000,198000,0,0,0.75,0
0,0,240,6,2,4,2,0,157000,157000,0,1,1,0
1,0,5,5,0,5,1,76615,95000,47500,0,0,0.5,0
1,1,25,1,0,1,1,3980,25000,12500,1,0,0.5,0
0,1,84,2,0,2,0,0,10000,5000,0,0,0.5,0
1,1,9,4,1,5,1,53953,55000,27500,0,0,0.5,0
0,1,12,2,2,10,1,0,350000,175000,0,0,0.5,0
1,0,25,7,4,11,1,75000,100000,50000,0,0,0.5,0
1,0,1,6,4,6,1,23964,30000,15000,0,0,0.5,0
0,1,240,11,9,0,1,0,433000,433000,0,1,1,0
0,1,300,8,0,8,1,0,658500,493875,1,1,0.75,0
1,0,23,4,0,4,0,24782,30000,15000,0,0,0.5,1
0,1,250,1,0,1,1,0,604000,453000,0,1,0.75,0
0,0,240,650,30,0,1,0,235000,235000,0,1,1,0
1,1,227,9,13,9,1,634549,950000,712500,1,0,0.75,0
0,0,120,12,0,0,1,0,247000,185250,0,0,0.75,0
1,0,95,9,0,9,0,125933,360000,270000,1,0,0.75,0
0,0,84,2,0,2,1,0,50000,25000,0,0,0.5,0
0,0,300,5,0,0,2,0,512000,384000,0,1,0.75,0
0,1,84,1,0,1,1,0,75000,37500,0,0,0.5,0
0,1,96,35,0,0,1,0,125000,106250,0,0,0.85,0
1,1,272,2,2,2,1,229450,550800,413100,0,1,0.75,0
0,0,240,13,10,0,1,0,286000,286000,0,1,1,0
0,0,240,2,1,0,1,0,372000,372000,0,1,1,0
1,0,91,4,4,4,1,299892,300000,225000,0,0,0.75,0
0,1,84,30,0,0,2,0,200000,150000,0,0,0.75,0
0,0,240,5,0,0,2,0,261900,196425,0,1,0.75,0
0,0,84,2,0,0,2,0,30000,21000,0,0,0.7,0
0,0,90,15,0,0,2,0,855000,641250,0,0,0.75,0
0,1,120,6,0,0,2,0,65000,52000,1,0,0.8,0
0,0,96,9,0,0,2,0,75000,60000,0,0,0.8,0
0,0,120,4,0,0,2,0,172000,129000,0,0,0.75,0
0,0,120,2,0,0,2,0,94000,75200,0,0,0.8,0
0,0,84,10,0,0,2,0,500000,375000,0,0,0.75,0
0,1,300,2,0,0,2,0,175000,131250,0,1,0.75,0
0,1,210,2,0,0,2,0,64000,48000,0,0,0.75,0
0,1,84,1,0,0,2,0,50000,40000,1,0,0.8,0
0,0,300,1,0,0,2,0,200000,150000,0,1,0.75,0
0,1,300,4,0,0,2,0,99000,79200,0,1,0.8,0
0,0,84,2,0,0,2,0,50000,40000,0,0,0.8,0
0,1,120,3,0,0,2,0,500000,375000,0,0,0.75,0
0,0,60,4,0,0,2,0,35000,17500,0,0,0.5,0
