Selected (label),Term,NoEmp,CreateJob,RetainedJob,UrbanRural,ChgOffPrinGr,GrAppv,SBA_Appv,New,RealEstate,Portion,Recession
1,240,65,3,65,1,0,343000,343000,0,1,1.0,0
0,269,2,0,2,1,247074,297500,223125,0,1,0.75,0
0,84,1,2,1,2,0,30000,15000,1,0,0.5,0
1,76,2,0,2,2,29700,30000,15000,1,0,0.5,0
1,60,13,7,20,1,0,25000,12500,1,0,0.5,0
1,240,13,8,0,1,0,79000,79000,0,1,1.0,0
0,240,13,8,0,1,0,249000,249000,0,1,1.0,0
1,84,3,0,3,2,0,30000,15000,1,0,0.5,0
0,240,13,6,13,2,0,229000,229000,0,1,1.0,0
1,39,3,1,4,1,40000,40000,20000,0,0,0.5,0
0,240,345,20,0,1,0,568000,568000,0,1,1.0,0
0,240,6,5,0,1,0,557000,557000,0,1,1.0,0
0,268,5,3,8,1,230645,394200,295650,0,1,0.75,0
0,240,34,6,34,1,0,914000,914000,0,1,1.0,0
1,41,1,1,1,1,29638,30000,15000,0,0,0.5,0
0,73,31,69,31,1,0,150000,75000,0,0,0.5,0
1,54,3,2,3,2,28987,30000,15000,0,0,0.5,0
1,240,20,3,0,1,0,105000,105000,0,1,1.0,0
1,120,6,0,6,1,0,825000,618750,0,0,0.75,0
0,7,1,0,1,1,43770,45000,22500,0,0,0.5,0
1,39,1,0,1,1,23950,24000,12000,1,0,0.5,1
0,84,1,0,1,1,0,50000,25000,0,0,0.5,0
0,84,1,0,1,1,0,100000,50000,0,0,0.5,0
0,84,1,3,1,1,0,50000,25000,0,0,0.5,0
0,84,5,0,5,2,0,50000,25000,0,0,0.5,0
0,84,5,2,5,2,0,30000,15000,0,0,0.5,0
1,44,1,6,1,1,70294,100000,50000,0,0,0.5,0
0,56,3,2,3,1,70525,74300,37150,0,0,0.5,0
1,84,2,0,2,1,0,25000,12500,0,0,0.5,0
0,43,9,0,9,1,19119,20000,10000,0,0,0.5,0
0,84,1,1,2,1,0,10000,5000,1,0,0.5,0
1,38,3,0,3,1,29219,30000,15000,0,0,0.5,0
0,58,5,0,5,1,34164,35000,17500,0,0,0.5,0
0,40,2,2,2,1,61731,100000,50000,0,0,0.5,1
1,8,4,0,4,1,14193,50000,25000,0,0,0.5,0
0,60,7,1,7,1,0,40000,20000,0,0,0.5,0
0,57,13,0,13,1,39369,40000,20000,1,0,0.5,0
0,51,10,1,10,1,50000,50000,25000,0,0,0.5,0
0,84,5,1,6,1,0,25000,12500,0,0,0.5,0
1,20,12,3,12,1,20886,35000,17500,0,0,0.5,0
1,55,2,0,2,1,12317,12700,6350,1,0,0.5,0
1,55,1,2,1,1,20635,25000,12500,0,0,0.5,0
1,84,2,0,2,1,0,50000,25000,1,0,0.5,0
1,240,13,3,0,1,0,669000,669000,0,1,1.0,0
0,48,1,1,2,1,29997,30000,15000,0,0,0.5,0
1,84,3,0,3,1,0,25800,12900,0,0,0.5,0
1,53,2,2,2,1,15098,35000,17500,1,0,0.5,0
0,300,4,4,8,1,0,952000,714000,0,1,0.75,0
0,46,5,0,5,1,49000,50000,25000,0,0,0.5,0
0,62,2,1,2,1,10500,10500,5250,0,0,0.5,0
0,84,3,0,3,1,0,50000,25000,1,0,0.5,0
0,43,2,1,2,1,49500,50000,25000,0,0,0.5,0
0,84,1,0,1,1,0,65000,32500,1,0,0.5,0
0,49,1,0,1,1,6030,7000,3500,1,0,0.5,0
0,52,1,0,1,1,9867,10000,5000,1,0,0.5,0
0,84,4,1,4,1,0,15000,7500,0,0,0.5,0
1,47,1,0,1,1,17840,25000,12500,0,0,0.5,0
0,46,7,0,7,1,40977,50000,25000,0,0,0.5,0
0,59,1,2,1,1,44467,50000,25000,0,0,0.5,0
0,53,3,0,3,1,24400,25000,12500,0,0,0.5,0
1,240,34,5,0,1,0,905000,905000,0,1,1.0,0
0,84,2,2,2,1,0,50000,25000,0,0,0.5,0
0,54,4,1,4,1,50000,50000,25000,0,0,0.5,0
1,72,4,0,4,1,19800,20000,10000,1,0,0.5,0
0,64,2,0,2,1,9935,10000,5000,1,0,0.5,0
0,55,4,0,4,1,9350,10000,5000,1,0,0.5,0
0,50,3,2,3,1,40250,40500,20250,1,0,0.5,0
1,21,1,0,1,1,31469,50000,25000,0,0,0.5,1
1,50,2,1,3,1,9477,10000,5000,0,0,0.5,0
0,84,1,0,1,1,0,25000,12500,0,0,0.5,0
0,84,1,0,1,1,0,10000,5000,1,0,0.5,0
0,58,5,1,5,1,20198,25000,21250,1,0,0.85,0
1,59,5,0,5,1,49995,50000,25000,1,0,0.5,0
1,37,30,2,30,1,14733,25000,12500,1,0,0.5,1
0,61,1,0,1,1,39444,41000,20500,1,0,0.5,0
0,65,2,3,2,1,23373,25000,12500,0,0,0.5,0
1,84,1,3,1,1,0,100000,50000,0,0,0.5,0
0,42,13,1,13,1,44950,45000,22500,0,0,0.5,0
0,84,2,0,2,1,0,50000,25000,0,0,0.5,0
1,32,2,0,2,1,1963,36000,18000,1,0,0.5,1
1,24,5,2,5,1,42580,50000,25000,0,0,0.5,1
1,23,3,0,3,1,9210,20000,10000,0,0,0.5,1
1,61,1,0,1,1,42170,50000,25000,0,0,0.5,0
1,240,19,6,19,1,0,1117000,1117000,0,1,1.0,0
0,36,1,0,1,1,8704,10000,5000,0,0,0.5,1
1,61,1,0,1,1,10000,10000,5000,0,0,0.5,0
1,60,4,1,4,1,85306,100000,50000,1,0,0.5,0
0,283,24,21,3,1,527577,1067000,800250,0,1,0.75,0
1,56,4,0,4,2,27308,30000,15000,0,0,0.5,0
0,29,31,6,31,1,49091,50000,25000,0,0,0.5,1
0,84,3,0,3,1,0,50000,25000,0,0,0.5,0
0,84,2,0,2,1,0,50000,25000,1,0,0.5,0
0,84,2,1,3,1,0,30000,15000,0,0,0.5,0
0,84,1,1,2,1,0,49000,24500,0,0,0.5,0
0,24,2,0,2,1,0,200000,100000,0,0,0.5,1
0,71,1,0,1,1,10000,10000,5000,0,0,0.5,0
0,64,5,3,5,1,23403,25000,12500,0,0,0.5,0
0,35,1,0,1,1,4476,10000,5000,0,0,0.5,1
1,55,7,3,7,1,99318,100000,50000,0,0,0.5,0
0,84,1,0,1,1,0,63000,31500,1,0,0.5,0
1,48,3,0,3,1,9900,10000,5000,0,0,0.5,0
1,84,1,0,1,1,0,45000,22500,0,0,0.5,0
1,61,38,0,38,1,40704,50000,25000,0,0,0.5,0
0,5,1,0,1,1,1580,10000,5000,1,0,0.5,0
1,9,4,2,4,1,8471,25000,21250,0,0,0.85,0
0,22,1,0,1,1,5491,15000,7500,0,0,0.5,1
1,84,1,0,1,1,0,25000,12500,0,0,0.5,0
0,52,1,0,1,1,27275,30000,15000,1,0,0.5,0
1,300,8,4,4,1,0,990000,742500,0,1,0.75,0
0,68,3,0,3,1,24229,25000,12500,0,0,0.5,0
1,84,1,1,1,1,0,25000,12500,0,0,0.5,0
0,120,15,0,15,1,0,1525000,1143750,0,0,0.75,0
0,84,2,1,2,2,0,50000,42500,0,0,0.85,0
0,120,3,2,5,1,0,278400,208800,1,0,0.75,0
1,35,4,0,4,1,6651,10000,5000,0,0,0.5,1
1,84,2,0,2,2,0,10000,5000,1,0,0.5,0
0,50,5,1,5,1,94880,100000,50000,0,0,0.5,0
1,84,3,0,3,1,0,62000,31000,1,0,0.5,0
0,120,150,0,0,2,0,2000000,1500000,0,0,0.75,0
0,63,14,6,14,1,46028,50000,25000,0,0,0.5,0
1,51,5,0,5,1,24245,25000,12500,1,0,0.5,0
0,44,2,3,2,1,22498,25000,12500,0,0,0.5,0
0,84,2,3,2,1,0,15000,7500,0,0,0.5,0
0,45,4,0,4,1,9578,10000,5000,1,0,0.5,0
0,45,4,0,4,1,49478,50000,25000,0,0,0.5,0
0,84,8,3,11,1,0,50000,25000,0,0,0.5,0
1,37,10,3,10,1,100000,100000,50000,0,0,0.5,0
0,69,1,4,5,1,0,360000,270000,1,0,0.75,0
1,32,1,4,5,1,0,100000,85000,1,0,0.85,1
0,2,4,2,4,1,39700,40000,20000,0,0,0.5,0
1,62,1,0,1,1,44319,50000,25000,0,0,0.5,0
1,84,1,0,1,1,0,30000,15000,0,0,0.5,0
1,24,12,0,12,1,21928,35000,17500,0,0,0.5,1
0,58,2,1,2,1,43847,50000,25000,0,0,0.5,0
0,84,2,0,2,1,0,50000,25000,0,0,0.5,0
0,51,12,3,12,1,37140,50000,25000,0,0,0.5,0
1,84,4,2,4,1,0,25000,12500,0,0,0.5,0
0,38,3,0,3,1,9703,10000,5000,0,0,0.5,0
0,50,2,0,2,1,35000,35000,17500,0,0,0.5,0
1,84,1,0,1,1,0,10000,5000,0,0,0.5,0
1,55,10,0,10,1,35000,35000,17500,0,0,0.5,0
1,58,13,1,13,1,99500,100000,50000,0,0,0.5,0
1,54,1,0,1,1,45818,50000,25000,0,0,0.5,0
1,64,2,0,2,1,30573,35000,17500,0,0,0.5,0
0,84,1,1,1,1,0,5000,2500,0,0,0.5,0
1,84,1,0,1,1,0,10000,5000,0,0,0.5,0
1,120,23,0,23,1,0,1000000,750000,0,0,0.75,0
0,84,2,0,2,1,0,25000,12500,0,0,0.5,0
0,84,2,0,2,1,0,25000,12500,0,0,0.5,0
1,64,2,0,2,1,10000,10000,5000,1,0,0.5,0
0,120,1,5,6,1,0,320000,240000,1,0,0.75,0
0,59,2,1,3,1,16557,20000,10000,0,0,0.5,0
1,23,3,3,3,1,31833,35000,17500,0,0,0.5,1
0,84,6,10,6,1,0,5000,2500,1,0,0.5,0
1,60,2,2,4,1,0,28000,14000,0,0,0.5,0
0,84,1,0,1,1,0,40000,20000,0,0,0.5,0
0,240,1,9,0,1,0,454000,454000,0,1,1.0,0
0,65,1,2,1,1,35000,35000,17500,0,0,0.5,0
1,84,2,1,3,1,0,10000,5000,0,0,0.5,0
0,84,3,0,3,2,0,5000,2500,1,0,0.5,0
0,84,1,0,1,1,0,35000,17500,0,0,0.5,0
1,90,2,1,1,1,0,125000,106250,0,0,0.85,0
0,51,7,0,7,1,35000,35000,17500,0,0,0.5,0
1,42,13,0,13,1,30588,35000,17500,0,0,0.5,0
1,44,1,0,1,1,3533,5500,2750,1,0,0.5,0
0,240,35,10,0,1,0,167000,167000,0,1,1.0,0
1,300,2,2,2,2,0,76500,65025,1,1,0.85,0
1,84,2,2,2,2,0,12500,10625,1,0,0.85,0
1,60,2,2,2,2,0,10000,8500,1,0,0.85,0
0,240,9,2,0,1,0,404000,404000,0,1,1.0,0
0,55,3,0,3,1,35000,35000,17500,0,0,0.5,0
0,43,2,0,2,1,9830,10000,5000,0,0,0.5,0
1,84,7,0,7,1,0,15000,7500,0,0,0.5,0
0,84,1,0,1,1,0,25000,12500,0,0,0.5,0
0,84,2,0,2,1,0,100000,50000,0,0,0.5,0
0,60,1,0,1,1,22998,23000,11500,1,0,0.5,0
0,279,12,0,12,1,181156,441000,330750,0,1,0.75,0
0,60,10,2,10,1,90000,100000,50000,0,0,0.5,0
1,36,1,0,1,2,0,50000,25000,1,0,0.5,0
0,240,5,10,0,1,0,344000,344000,0,1,1.0,0
0,56,1,0,1,1,10000,10000,5000,0,0,0.5,0
0,62,1,0,1,1,23200,24000,12000,0,0,0.5,0
0,61,15,0,15,1,94561,100000,50000,0,0,0.5,0
1,240,1,15,0,1,0,547000,547000,1,1,1.0,0
1,47,10,0,10,1,85000,85000,42500,0,0,0.5,0
0,9,1,4,1,1,20484,100000,50000,0,0,0.5,0
0,84,2,2,4,1,0,48000,24000,0,0,0.5,0
0,70,2,0,2,1,22353,30000,15000,0,0,0.5,0
0,84,1,0,1,1,0,16000,8000,0,0,0.5,0
0,72,8,5,13,1,0,150000,75000,1,0,0.5,0
0,84,3,1,4,1,0,25000,12500,0,0,0.5,0
0,84,3,0,3,1,0,20000,10000,0,0,0.5,0
0,68,4,2,6,1,30000,30000,15000,1,0,0.5,0
0,84,11,0,11,1,0,15000,7500,0,0,0.5,0
1,66,3,2,3,1,71384,75000,37500,0,0,0.5,0
1,259,2,2,2,1,190658,521538,391153,0,1,0.749999041,0
1,44,1,0,1,1,29016,29600,14800,0,0,0.5,0
0,65,1,0,1,1,14139,15000,12750,0,0,0.85,0
1,55,5,2,5,1,41569,50000,25000,0,0,0.5,0
0,45,6,0,6,1,49701,50000,25000,0,0,0.5,0
0,240,2,1,2,1,0,150000,150000,0,1,1.0,0
1,84,1,0,1,1,0,15000,7500,0,0,0.5,0
1,240,100,50,0,1,0,785000,785000,1,1,1.0,0
0,84,1,0,1,1,0,10000,5000,1,0,0.5,0
1,84,1,0,1,1,0,25000,12500,0,0,0.5,0
0,84,1,0,1,1,0,33000,16500,0,0,0.5,0
1,99,1,1,1,1,49121,60000,30000,1,0,0.5,0
1,35,3,0,3,2,25680,30000,15000,0,0,0.5,1
0,69,2,6,8,1,4885,5000,4250,1,0,0.85,0
0,56,1,2,1,1,20000,20000,10000,1,0,0.5,0
1,84,1,0,1,1,0,30000,15000,0,0,0.5,0
1,120,2,2,2,1,0,105000,89250,1,0,0.85,0
0,57,1,2,3,1,24320,25000,12500,0,0,0.5,0
0,35,1,2,3,1,4466,5000,2500,0,0,0.5,0
0,84,1,3,1,1,0,10000,5000,0,0,0.5,0
0,52,2,2,4,1,19999,20000,10000,1,0,0.5,0
1,240,7,12,1,1,0,475000,475000,0,1,1.0,0
1,84,1,0,1,1,0,15000,7500,0,0,0.5,0
1,84,3,0,3,1,0,50000,25000,0,0,0.5,0
0,60,4,0,4,1,0,70000,59500,0,0,0.85,0
0,84,3,2,3,1,0,25000,12500,0,0,0.5,0
0,220,23,0,23,1,11599,791000,593250,0,0,0.75,0
1,55,1,0,1,2,29630,30000,15000,0,0,0.5,0
1,67,1,1,1,1,33314,35000,17500,0,0,0.5,0
0,90,2,4,2,1,0,50000,25000,0,0,0.5,0
1,84,1,0,1,1,0,25000,12500,1,0,0.5,0
0,33,1,0,1,1,35000,35000,17500,0,0,0.5,0
0,84,1,0,1,1,0,25000,12500,0,0,0.5,0
0,58,2,0,2,1,29843,35000,17500,0,0,0.5,0
1,275,2,0,2,1,302116,590600,442950,1,1,0.75,0
1,84,5,0,5,1,0,100000,50000,0,0,0.5,0
0,52,1,1,2,1,19954,20000,10000,0,0,0.5,0
0,259,2,0,2,1,102282,531700,398775,0,1,0.75,0
1,39,4,0,4,1,34000,35000,17500,0,0,0.5,0
1,42,4,0,4,1,9852,10000,5000,0,0,0.5,0
0,58,2,0,2,2,24389,25000,12500,0,0,0.5,0
1,57,6,0,6,1,48892,50000,25000,1,0,0.5,0
1,84,1,2,3,1,0,33000,16500,1,0,0.5,0
1,84,1,1,1,1,0,50000,25000,0,0,0.5,0
0,49,1,0,1,1,4900,5000,2500,1,0,0.5,0
1,57,2,0,2,1,10000,10000,5000,1,0,0.5,0
0,30,2,0,2,1,49088,50000,25000,1,0,0.5,1
0,84,1,0,1,1,0,20000,10000,1,0,0.5,0
1,12,1,1,1,1,0,250000,187500,1,0,0.75,1
1,60,1,1,2,1,0,32100,16050,1,0,0.5,0
1,52,8,0,8,1,100000,100000,50000,0,0,0.5,0
1,57,10,5,10,1,150000,150000,127500,0,0,0.85,0
0,58,4,0,4,2,29978,30000,15000,0,0,0.5,0
1,22,1,0,1,1,19199,29000,14500,0,0,0.5,1
1,26,1,1,2,1,47554,50000,25000,0,0,0.5,0
0,48,1,0,1,1,85000,100000,50000,0,0,0.5,0
0,1,3,0,3,1,8430,12500,6250,0,0,0.5,0
1,277,4,0,0,1,37919,640700,480525,0,1,0.75,0
0,84,5,0,5,1,0,10000,5000,1,0,0.5,0
0,65,1,1,1,1,100000,100000,50000,0,0,0.5,0
1,300,4,0,4,1,0,230500,172875,0,1,0.75,0
1,240,13,37,13,2,0,392000,392000,0,1,1.0,0
1,59,5,3,8,1,19690,20000,10000,0,0,0.5,0
1,84,1,0,1,1,0,50000,25000,1,0,0.5,0
1,29,2,0,2,1,37499,40000,20000,0,0,0.5,1
1,84,1,0,1,1,0,10000,5000,0,0,0.5,0
1,97,1,0,1,1,23022,25000,21250,0,0,0.85,0
0,54,4,0,4,1,48152,50000,25000,0,0,0.5,0
1,65,7,2,7,1,88157,100000,50000,0,0,0.5,0
0,48,3,0,3,1,14340,20000,10000,0,0,0.5,0
1,84,2,0,2,1,0,25000,12500,0,0,0.5,0
1,84,3,1,3,2,0,50000,25000,0,0,0.5,0
1,75,5,0,5,2,50000,50000,25000,0,0,0.5,0
1,84,4,0,4,1,0,15000,7500,1,0,0.5,0
1,65,3,2,3,1,34000,35000,17500,0,0,0.5,0
0,27,100,0,100,1,552478,610000,457500,0,0,0.75,1
1,67,2,1,2,1,91904,100000,50000,0,0,0.5,0
0,32,4,1,5,1,34999,35000,17500,0,0,0.5,1
1,70,1,1,1,1,15000,15000,7500,0,0,0.5,0
0,54,1,1,1,1,16414,20000,17000,1,0,0.85,0
1,46,2,0,2,1,19974,20000,10000,0,0,0.5,0
1,50,2,0,2,1,18534,20000,10000,1,0,0.5,0
0,51,2,0,2,1,40000,40000,20000,1,0,0.5,0
1,20,4,0,4,1,3596,10000,5000,0,0,0.5,1
1,0,4,4,4,1,49256,50000,25000,0,0,0.5,0
1,36,4,4,4,1,5249,10000,5000,0,0,0.5,0
1,240,1,15,0,1,0,497000,497000,1,1,1.0,0
1,47,1,1,1,1,10854,15000,12750,0,0,0.85,0
1,84,2,0,2,1,0,50000,25000,1,0,0.5,0
0,59,1,0,1,1,20000,20000,10000,1,0,0.5,0
0,61,2,0,2,1,9618,10000,5000,0,0,0.5,0
1,58,1,0,1,1,19000,19000,9500,0,0,0.5,0
1,34,2,2,2,1,7263,15000,12750,0,0,0.85,0
0,99,2,2,2,1,62814,67500,57375,0,0,0.85,0
0,50,2,2,2,1,9179,10000,8500,0,0,0.85,0
0,57,2,0,2,1,49500,50000,25000,0,0,0.5,0
1,84,2,0,2,1,0,30000,15000,0,0,0.5,0
0,84,9,0,9,1,0,35000,17500,1,0,0.5,0
1,300,7,3,4,1,0,526000,394500,0,1,0.75,0
1,93,0,1,1,1,169818,193200,144900,1,0,0.75,0
0,4,3,0,3,1,24414,25000,12500,0,0,0.5,0
0,53,4,3,7,1,49140,50000,25000,0,0,0.5,0
1,43,6,0,6,1,34500,35000,17500,0,0,0.5,0
1,60,2,0,2,1,82020,100000,50000,0,0,0.5,0
0,60,2,0,2,1,0,19300,9650,1,0,0.5,0
0,64,5,0,5,1,50000,50000,25000,1,0,0.5,0
0,84,1,0,1,1,0,50000,25000,0,0,0.5,0
0,69,1,3,1,1,9049,10000,8500,0,0,0.85,0
1,44,2,0,2,1,51274,82500,41250,0,0,0.5,0
0,73,25,0,25,1,19489,20000,10000,0,0,0.5,0
0,65,1,0,1,1,44879,50000,25000,0,0,0.5,0
1,60,2,2,2,1,0,100000,50000,0,0,0.5,0
1,62,6,0,6,1,34500,35000,17500,0,0,0.5,0
0,63,2,0,2,1,18954,20000,10000,0,0,0.5,0
0,59,4,0,4,1,82500,82500,41250,0,0,0.5,0
1,84,2,0,2,2,0,25000,12500,0,0,0.5,0
0,57,1,0,1,1,34450,35000,17500,0,0,0.5,0
0,49,1,0,1,1,59149,100000,50000,0,0,0.5,0
1,84,16,0,16,1,0,25000,12500,0,0,0.5,0
0,275,16,5,16,2,156200,240000,180000,0,1,0.75,0
1,88,16,5,16,2,149780,160000,120000,0,0,0.75,0
0,240,50,15,0,1,0,341000,341000,0,1,1.0,0
1,273,16,5,16,2,23199,120000,90000,0,1,0.75,0
1,69,2,0,2,1,49021,50000,25000,0,0,0.5,0
0,60,2,0,2,1,0,104000,41600,0,0,0.4,0
1,26,1,5,6,1,32999,75000,37500,0,0,0.5,1
1,84,1,1,0,1,0,10000,8500,1,0,0.85,0
1,35,1,0,1,1,10392,12000,6000,0,0,0.5,0
0,45,1,2,1,1,4763,25000,12500,0,0,0.5,0
1,240,16,15,0,1,0,580000,580000,0,1,1.0,0
0,60,2,1,2,1,50000,50000,25000,0,0,0.5,0
0,84,3,0,3,1,0,5000,2500,1,0,0.5,0
0,111,6,0,6,1,0,35000,17500,1,0,0.5,0
0,62,2,0,2,1,49986,50000,25000,0,0,0.5,0
1,268,14,0,14,1,351877,481500,361125,0,1,0.75,0
0,68,1,0,1,1,46714,50000,25000,0,0,0.5,0
1,84,12,0,12,1,0,35000,17500,0,0,0.5,0
1,63,2,0,2,1,44750,45000,22500,0,0,0.5,0
1,48,1,0,1,2,23961,25000,12500,0,0,0.5,0
1,84,4,1,4,1,0,20000,10000,0,0,0.5,0
1,120,2,1,2,1,0,300000,225000,1,0,0.75,0
1,59,15,0,15,1,50000,50000,25000,0,0,0.5,0
1,55,5,1,5,1,80455,100000,50000,0,0,0.5,0
0,84,1,1,1,1,0,25000,21250,0,0,0.85,0
0,84,4,0,4,1,0,25000,12500,1,0,0.5,0
0,62,16,0,16,1,15000,15000,7500,0,0,0.5,0
1,84,1,0,1,1,0,15000,7500,0,0,0.5,0
0,240,15,5,0,1,0,286000,286000,0,1,1.0,0
0,61,2,0,2,1,9972,12000,6000,0,0,0.5,0
1,55,2,0,2,1,10220,12000,6000,1,0,0.5,0
0,240,5,30,0,1,0,165000,165000,1,1,1.0,0
1,61,1,0,1,1,34000,35000,17500,1,0,0.5,0
0,240,7,4,0,1,0,724000,724000,0,1,1.0,0
1,101,3,2,3,1,183829,200000,150000,0,0,0.75,0
1,30,1,0,1,1,5716,10000,5000,0,0,0.5,0
1,49,3,2,5,1,9989,10000,5000,0,0,0.5,0
1,43,7,0,7,1,19313,20000,10000,0,0,0.5,0
1,84,2,1,2,1,0,100000,50000,0,0,0.5,0
0,37,1,0,1,1,49645,50000,25000,0,0,0.5,0
0,240,5,5,0,1,0,371000,371000,0,1,1.0,0
0,63,12,2,14,1,45507,50000,25000,0,0,0.5,0
0,32,2,0,2,1,20755,25000,12500,0,0,0.5,0
1,240,7,2,0,1,0,598000,598000,0,1,1.0,0
0,35,3,1,3,1,50000,50000,25000,0,0,0.5,0
1,240,7,7,0,1,0,1003000,1003000,0,1,1.0,0
0,257,2,0,2,1,405890,716300,537225,0,1,0.75,0
0,51,1,0,0,1,4954,5000,2500,0,0,0.5,0
0,68,20,50,20,1,92524,100000,50000,0,0,0.5,0
0,240,1,26,0,1,0,1836000,1836000,0,1,1.0,0
1,240,6,8,6,1,0,1386000,1386000,1,1,1.0,0
1,300,4,1,3,1,0,1329000,996750,0,1,0.75,0
1,300,4,1,3,1,0,120000,90000,0,1,0.75,0
1,83,2,1,2,1,24221,25000,21250,0,0,0.85,0
0,68,5,0,5,1,50000,50000,25000,0,0,0.5,0
1,82,1,0,1,1,20689,25000,21250,1,0,0.85,0
0,240,140,45,0,1,0,893000,893000,0,1,1.0,0
0,84,2,0,2,1,0,35000,17500,0,0,0.5,0
0,43,4,0,4,1,35000,35000,17500,0,0,0.5,0
1,69,3,0,3,1,34421,55000,27500,0,0,0.5,0
1,60,1,1,1,1,78098,149800,127330,1,0,0.85,0
1,72,2,0,2,1,35000,35000,17500,0,0,0.5,0
1,84,1,0,1,2,0,20000,10000,0,0,0.5,0
1,84,1,0,1,1,0,50000,25000,0,0,0.5,0
0,36,6,3,9,1,0,150000,75000,0,0,0.5,0
0,71,1,1,1,1,23709,25000,12500,0,0,0.5,0
1,72,2,0,2,2,48842,50000,25000,0,0,0.5,0
1,38,8,0,8,2,44959,45000,22500,0,0,0.5,0
1,84,5,9,5,1,0,170000,127500,0,0,0.75,0
1,84,1,0,1,1,0,25000,12500,0,0,0.5,0
1,70,10,1,10,1,47648,50000,25000,0,0,0.5,0
0,74,1,0,4,2,493800,493800,370350,1,0,0.75,0
0,84,5,1,6,1,0,35000,17500,0,0,0.5,0
0,243,11,7,4,1,219484,882000,661500,0,1,0.75,0
1,61,5,0,5,1,21189,25000,12500,1,0,0.5,0
1,68,1,0,1,1,9800,10000,5000,0,0,0.5,0
0,84,1,0,1,1,0,5000,2500,1,0,0.5,0
1,84,4,0,4,1,0,4500,2250,1,0,0.5,0
1,31,1,0,1,2,6400,8000,4000,1,0,0.5,0
0,289,5,2,5,1,776318,1493000,1119750,0,1,0.75,0
1,55,9,0,9,1,34656,50000,25000,0,0,0.5,0
1,68,3,0,3,1,49912,50000,25000,0,0,0.5,0
0,59,6,3,6,1,83771,100000,50000,0,0,0.5,0
1,74,13,3,13,1,34953,35000,17500,0,0,0.5,0
0,55,7,0,7,1,47876,50000,25000,0,0,0.5,0
0,84,2,0,2,1,0,50000,25000,0,0,0.5,0
1,297,15,0,0,2,208072,271900,203925,0,1,0.75,0
0,23,3,0,3,1,17809,20000,10000,0,0,0.5,1
1,51,1,0,1,1,50000,50000,25000,0,0,0.5,0
0,64,56,0,56,1,35000,35000,17500,0,0,0.5,0
1,71,3,0,3,1,29998,30000,15000,0,0,0.5,0
1,84,3,0,3,1,0,5000,2500,1,0,0.5,0
0,287,6,0,6,1,388255,658000,493500,0,1,0.75,0
0,84,1,0,1,1,0,8000,4000,0,0,0.5,0
1,84,4,0,4,1,0,50000,25000,0,0,0.5,0
0,287,6,0,6,1,83522,120500,90375,0,1,0.75,0
1,58,7,0,7,2,49468,50000,25000,0,0,0.5,0
0,40,0,0,0,1,9662,15000,12750,1,0,0.85,0
0,63,1,0,1,1,6000,6000,3000,1,0,0.5,0
0,84,1,0,1,1,0,10000,5000,1,0,0.5,0
0,98,2,2,2,1,140529,251000,188250,1,0,0.75,0
0,120,8,0,8,1,0,300000,225000,0,0,0.75,0
1,240,18,4,0,1,0,180000,180000,0,1,1.0,0
1,84,3,1,4,1,0,25000,12500,0,0,0.5,0
1,19,1,0,1,1,10283,15000,7500,0,0,0.5,1
1,68,1,0,1,1,30000,30000,15000,0,0,0.5,0
0,59,2,0,2,1,35000,35000,17500,1,0,0.5,0
0,45,6,0,6,1,33000,35000,17500,0,0,0.5,0
1,84,1,0,1,1,0,30000,15000,0,0,0.5,0
0,275,2,0,2,1,334176,612000,459000,0,1,0.75,0
0,64,15,2,15,1,9800,10000,5000,0,0,0.5,0
1,45,20,20,40,1,88462,90000,45000,0,0,0.5,0
0,240,36,4,36,1,0,804000,804000,0,1,1.0,0
1,36,2,0,2,1,8296,15000,12750,0,0,0.85,0
1,90,2,0,2,1,22592,25000,21250,0,0,0.85,0
0,291,1,0,1,1,205202,540000,405000,0,1,0.75,0
0,288,3,2,5,1,0,534200,400650,0,1,0.75,0
1,47,6,0,6,1,29776,30000,15000,0,0,0.5,0
1,93,2,0,2,1,189555,200000,100000,0,0,0.5,0
0,71,10,0,10,1,35000,35000,17500,1,0,0.5,0
0,120,0,11,11,1,0,350000,262500,1,0,0.75,0
1,60,5,0,5,1,0,80000,40000,0,0,0.5,0
1,56,2,0,2,1,23509,25000,12500,0,0,0.5,0
0,12,2,2,4,2,0,25000,12500,1,0,0.5,0
0,48,8,0,8,1,34300,35000,17500,0,0,0.5,0
1,69,6,0,6,1,35000,35000,17500,0,0,0.5,0
0,240,10,7,10,1,0,234000,234000,0,1,1.0,0
0,58,1,0,1,1,16950,20000,10000,0,0,0.5,0
1,70,9,1,9,1,40000,40000,20000,0,0,0.5,0
1,63,3,0,3,2,49671,50000,25000,0,0,0.5,0
1,65,3,0,3,1,49166,50000,25000,0,0,0.5,0
1,59,4,0,4,1,50000,50000,25000,0,0,0.5,0
0,69,2,0,2,1,23212,25000,12500,0,0,0.5,0
0,72,9,0,9,1,0,25000,12500,0,0,0.5,0
1,84,24,0,24,1,0,150000,75000,0,0,0.5,0
0,240,65,35,65,1,0,1620000,1620000,0,1,1.0,0
0,59,8,4,8,2,46135,50000,25000,0,0,0.5,0
1,63,10,0,10,1,50000,50000,25000,0,0,0.5,0
0,48,2,1,3,1,21412,30000,15000,0,0,0.5,0
1,69,10,0,10,1,100000,100000,50000,0,0,0.5,0
0,240,2,2,0,1,0,883000,883000,0,1,1.0,0
1,240,7,20,0,1,0,848000,848000,0,1,1.0,0
0,51,6,0,6,2,24567,30000,15000,0,0,0.5,0
1,235,1,0,1,1,642404,1060000,795000,0,0,0.75,0
1,59,8,0,8,1,98151,100000,50000,0,0,0.5,0
0,84,8,0,8,1,0,35000,17500,0,0,0.5,0
0,120,2,0,2,1,0,7500,6375,0,0,0.85,0
0,21,2,2,2,1,24842,25000,12500,0,0,0.5,1
0,62,3,3,3,2,29574,30000,15000,0,0,0.5,0
1,84,1,0,1,1,0,15000,7500,0,0,0.5,0
1,20,42,0,42,1,50000,50000,25000,0,0,0.5,1
0,240,1,11,0,1,0,544000,544000,0,1,1.0,0
0,22,2,0,2,1,17768,50000,25000,0,0,0.5,1
0,240,10,7,10,1,0,248000,248000,0,1,1.0,0
0,240,10,7,10,1,0,322000,322000,0,1,1.0,0
1,54,6,2,6,1,34407,35000,17500,0,0,0.5,0
0,69,1,0,1,1,11386,15000,7500,1,0,0.5,0
0,84,1,0,1,1,0,50000,25000,0,0,0.5,0
0,84,10,0,10,1,0,30000,15000,0,0,0.5,0
0,70,3,0,3,1,9920,10000,5000,0,0,0.5,0
0,84,2,0,2,1,0,35000,17500,0,0,0.5,0
0,73,2,0,2,2,28579,30000,15000,0,0,0.5,0
1,84,2,1,3,1,0,15000,7500,1,0,0.5,0
0,46,2,0,2,1,34406,35000,17500,0,0,0.5,0
0,18,11,1,12,2,27550,50000,25000,0,0,0.5,1
0,32,6,0,6,1,45099,50000,25000,0,0,0.5,0
1,84,1,1,1,1,0,15000,7500,0,0,0.5,0
0,73,1,0,1,1,9519,10000,8500,0,0,0.85,0
1,5,2,0,2,1,17798,55000,27500,0,0,0.5,0
1,240,2,4,0,1,0,157000,157000,0,1,1.0,0
0,52,5,1,1,1,18011,25000,21250,0,0,0.85,0
0,84,1,0,1,1,0,10000,5000,0,0,0.5,0
1,30,1,0,1,1,21529,35000,17500,0,0,0.5,0
1,32,1,0,1,1,9492,10000,5000,0,0,0.5,0
0,240,15,8,0,1,0,1124000,1124000,0,1,1.0,0
0,70,1,0,1,1,35000,35000,17500,0,0,0.5,0
0,73,7,1,7,1,75000,75000,37500,0,0,0.5,0
0,73,1,1,1,1,33196,35000,17500,0,0,0.5,0
1,57,3,0,3,1,36426,37000,18500,0,0,0.5,0
1,84,5,1,5,1,0,100000,50000,0,0,0.5,0
0,27,5,0,5,1,47443,50000,25000,0,0,0.5,1
0,240,40,8,0,1,0,1029000,1029000,0,1,1.0,0
0,71,6,0,6,1,100000,100000,50000,0,0,0.5,0
0,43,1,2,3,2,126545,150000,127500,1,0,0.85,0
1,70,8,3,8,1,33071,35000,17500,0,0,0.5,0
1,39,3,2,3,1,6232,10000,8500,1,0,0.85,0
0,240,4,19,0,1,0,798000,798000,0,1,1.0,0
1,84,7,0,7,1,0,40000,20000,0,0,0.5,0
0,107,28,0,28,1,12122,12500,10625,0,0,0.85,0
0,61,56,0,56,1,34332,35000,17500,0,0,0.5,0
1,240,5,3,0,1,0,409000,409000,0,1,1.0,0
0,41,13,0,13,1,376534,550000,412500,0,0,0.75,0
0,59,1,10,10,1,8283,10000,8500,1,0,0.85,0
0,66,1,3,1,1,27950,28000,14000,0,0,0.5,0
1,27,6,1,6,1,5161,50000,25000,0,0,0.5,1
0,240,20,3,20,1,0,1491000,1491000,0,1,1.0,0
1,48,4,0,4,1,6600,14000,7000,1,0,0.5,0
1,70,15,4,19,1,34305,35000,17500,1,0,0.5,0
1,38,2,0,2,1,29538,30000,15000,0,0,0.5,0
0,41,4,0,4,1,32000,35000,17500,0,0,0.5,0
0,41,1,0,1,1,19660,20000,10000,0,0,0.5,0
0,59,7,1,1,1,8165,10000,8500,1,0,0.85,0
0,24,6,2,6,1,0,100000,50000,0,0,0.5,0
1,63,8,0,8,1,35000,35000,17500,0,0,0.5,0
0,240,40,60,0,1,0,597000,597000,0,1,1.0,0
1,57,0,0,0,1,16437,20000,17000,0,0,0.85,0
1,63,5,1,5,1,37750,50000,25000,0,0,0.5,0
0,84,2,0,2,1,0,45000,22500,0,0,0.5,0
0,74,2,2,4,1,38978,39000,19500,1,0,0.5,0
0,84,1,0,1,2,0,30000,15000,0,0,0.5,0
1,240,1,3,0,1,0,773000,773000,0,1,1.0,0
1,84,1,0,1,1,0,35000,29750,0,0,0.85,0
1,72,7,5,7,1,94526,100000,50000,0,0,0.5,0
1,300,2,0,2,1,0,1400000,1050000,0,1,0.75,0
0,66,1,0,1,1,50000,50000,25000,0,0,0.5,0
0,84,6,0,6,1,0,15000,7500,0,0,0.5,0
0,66,0,0,0,1,22499,25000,21250,0,0,0.85,0
1,57,8,0,8,1,24998,25000,12500,0,0,0.5,0
1,70,4,2,4,1,27686,35000,17500,0,0,0.5,0
0,36,2,0,2,2,0,20000,10000,0,0,0.5,0
0,46,1,0,1,2,37419,37500,18750,0,0,0.5,0
0,54,2,0,2,1,25968,35000,29750,1,0,0.85,0
1,84,2,2,2,1,0,47000,23500,0,0,0.5,0
1,240,3,2,3,1,0,310000,310000,0,1,1.0,0
0,53,4,1,5,1,35018,50000,25000,0,0,0.5,0
1,84,1,0,1,1,0,25000,12500,0,0,0.5,0
0,64,1,0,1,1,35000,35000,17500,0,0,0.5,0
0,240,70,10,70,1,0,641000,641000,0,1,1.0,0
0,64,4,3,4,1,33952,35000,29750,0,0,0.85,0
1,109,3,2,3,1,9729,10000,8500,0,0,0.85,0
1,42,1,1,1,1,80011,100000,50000,0,0,0.5,0
1,12,1,1,1,1,0,200000,100000,1,0,0.5,1
1,84,4,2,4,2,0,50000,25000,0,0,0.5,0
1,62,5,0,5,1,19836,20000,10000,0,0,0.5,0
1,66,1,0,1,1,47408,55000,27500,0,0,0.5,0
0,84,2,2,2,2,0,25000,12500,0,0,0.5,0
1,84,1,0,1,1,0,10000,5000,1,0,0.5,0
0,37,2,0,2,1,26996,29000,14500,0,0,0.5,0
1,84,2,0,2,1,0,25000,12500,0,0,0.5,0
0,95,13,6,7,1,129401,132000,112200,0,0,0.85,0
0,24,2,0,2,1,0,10000,5000,0,0,0.5,1
0,74,4,2,6,1,14835,15000,7500,0,0,0.5,0
0,36,5,0,5,1,33831,40000,20000,1,0,0.5,0
1,47,1,0,1,1,24569,25000,12500,0,0,0.5,0
1,240,9,4,0,1,0,761000,761000,0,1,1.0,0
1,240,1,3,0,1,0,231000,231000,0,1,1.0,0
0,53,2,1,3,1,24988,25000,12500,0,0,0.5,0
1,55,3,2,3,2,45000,45000,22500,1,0,0.5,0
0,61,0,0,0,1,49077,50000,25000,0,0,0.5,0
1,168,2,2,4,1,0,320500,240375,0,0,0.75,0
0,67,7,0,7,1,48707,50000,25000,0,0,0.5,0
0,0,3,0,3,1,10421,20000,10000,0,0,0.5,0
1,78,3,0,3,1,50000,50000,25000,0,0,0.5,0
1,84,2,2,2,1,0,50000,25000,0,0,0.5,0
1,64,2,0,2,1,24995,25000,12500,0,0,0.5,0
0,72,2,0,2,1,49753,50000,25000,1,0,0.5,0
0,57,2,1,3,1,39615,40000,20000,1,0,0.5,0
0,72,1,0,1,1,67000,67000,33500,0,0,0.5,0
1,84,1,0,1,2,0,27000,13500,0,0,0.5,0
0,62,0,0,0,1,29275,35000,29750,0,0,0.85,0
0,35,4,4,4,2,17702,25000,12500,0,0,0.5,0
1,31,3,0,3,1,28509,45000,22500,0,0,0.5,0
0,240,25,8,0,1,0,529000,529000,0,1,1.0,0
1,68,5,0,5,1,38975,40000,20000,0,0,0.5,0
1,72,1,0,1,1,34133,35000,17500,0,0,0.5,0
0,84,1,0,1,1,0,50000,25000,0,0,0.5,0
1,92,12,0,12,1,498800,700000,525000,0,0,0.75,0
1,84,2,0,2,1,0,36000,18000,0,0,0.5,0
0,62,3,0,3,1,24550,25000,12500,0,0,0.5,0
1,44,4,0,4,1,98333,100000,50000,0,0,0.5,0
0,61,6,0,6,1,16332,16500,8250,0,0,0.5,0
1,84,3,0,3,1,0,25000,12500,0,0,0.5,0
1,84,1,0,1,1,0,50000,25000,0,0,0.5,0
0,240,17,5,0,1,0,720000,720000,0,1,1.0,0
0,78,1,0,1,1,31764,40000,34000,1,0,0.85,0
1,73,10,0,10,1,1509550,2000000,1500000,0,0,0.75,0
0,80,2,0,2,1,0,200000,150000,0,0,0.75,0
0,35,1,0,1,2,21664,25000,12500,0,0,0.5,0
1,84,2,2,2,1,0,10000,5000,0,0,0.5,0
0,66,8,8,8,1,100000,100000,50000,0,0,0.5,0
1,84,2,1,2,1,0,100000,50000,0,0,0.5,0
0,85,11,2,11,1,0,100000,85000,0,0,0.85,0
1,57,1,0,1,1,5000,5000,2500,1,0,0.5,0
0,84,1,0,1,1,5000,5000,2500,1,0,0.5,0
1,59,4,0,4,1,100000,100000,50000,0,0,0.5,0
1,84,1,0,1,1,0,26000,13000,0,0,0.5,0
1,55,10,3,10,2,16619,30000,15000,0,0,0.5,0
1,276,3,0,3,1,1058672,1944300,1458225,0,1,0.75,0
0,120,3,0,3,1,0,450000,337500,0,0,0.75,0
1,54,1,0,1,1,43000,45000,22500,0,0,0.5,0
0,51,5,0,5,1,35000,35000,17500,0,0,0.5,0
1,57,1,0,1,1,24850,25000,12500,0,0,0.5,0
0,120,2,0,2,1,0,148000,125800,1,0,0.85,0
1,46,1,1,1,2,49395,50000,25000,0,0,0.5,0
0,45,0,0,0,1,7209,10000,8500,1,0,0.85,0
1,84,2,0,2,1,0,50000,25000,0,0,0.5,0
1,37,1,0,1,1,8772,10000,5000,0,0,0.5,0
0,63,3,1,4,1,12996,15000,12750,0,0,0.85,0
1,240,3,2,0,1,0,1093000,1093000,0,1,1.0,0
0,84,6,4,6,2,0,45000,22500,0,0,0.5,0
1,58,5,0,5,1,49592,50000,25000,0,0,0.5,0
1,67,2,0,2,1,28276,35000,17500,0,0,0.5,0
1,53,2,1,2,1,22174,25000,12500,0,0,0.5,0
1,42,8,0,8,1,9950,10000,5000,0,0,0.5,0
0,68,1,0,1,1,29156,30000,15000,0,0,0.5,0
1,85,1,1,1,1,0,277000,207750,1,0,0.75,0
0,99,1,1,1,1,46930,50000,42500,0,0,0.85,0
0,0,8,0,8,1,89313,90000,45000,0,0,0.5,0
1,66,1,1,1,1,27750,30000,15000,0,0,0.5,0
1,88,5,1,5,1,22759,25000,21250,1,0,0.85,0
1,84,3,0,3,1,0,25000,12500,0,0,0.5,0
0,84,6,0,6,1,0,5000,2500,0,0,0.5,0
1,36,17,0,17,1,0,50000,42500,0,0,0.85,0
0,283,1,0,1,1,205967,373100,279825,0,1,0.75,0
0,240,42,18,0,2,0,585000,585000,0,1,1.0,0
1,84,1,1,1,1,0,20000,10000,1,0,0.5,0
1,240,113,8,0,1,0,1025000,1025000,0,1,1.0,0
0,84,32,0,32,1,0,50000,25000,0,0,0.5,0
0,37,1,0,1,1,35566,37000,18500,1,0,0.5,0
1,84,3,0,3,1,0,40000,20000,0,0,0.5,0
1,58,2,4,2,1,49965,50000,25000,0,0,0.5,0
0,64,2,0,2,1,34173,35000,17500,0,0,0.5,0
1,9,2,2,2,1,49803,50000,25000,0,0,0.5,1
1,67,8,0,8,1,14999,15000,7500,1,0,0.5,0
0,30,6,6,6,1,59743,60000,30000,1,0,0.5,0
0,34,1,2,1,1,42787,50000,25000,0,0,0.5,0
0,84,1,0,1,1,0,27000,13500,0,0,0.5,0
0,84,5,0,5,1,0,20000,10000,0,0,0.5,0
1,54,17,0,17,1,37875,50000,25000,0,0,0.5,0
0,57,2,0,2,1,2415,5000,2500,0,0,0.5,0
0,64,1,0,0,1,10000,20000,10000,0,0,0.5,0
1,34,2,2,2,1,105173,156000,78000,0,0,0.5,0
0,36,1,0,1,1,12562,17000,8500,0,0,0.5,0
1,60,1,0,1,1,44942,50000,25000,0,0,0.5,0
0,109,3,4,3,1,12055,12500,10625,0,0,0.85,0
1,84,1,0,0,1,0,15000,7500,1,0,0.5,0
1,56,6,0,0,1,9948,10000,5000,0,0,0.5,0
1,64,4,0,4,1,30000,30000,15000,0,0,0.5,0
1,259,22,6,22,1,348248,542200,406650,0,1,0.75,0
1,240,4,2,0,1,0,425000,425000,1,1,1.0,0
1,84,5,0,5,1,0,150000,75000,1,0,0.5,0
1,65,1,0,1,1,45867,50000,25000,0,0,0.5,0
0,55,4,0,4,1,35000,35000,17500,0,0,0.5,0
1,59,12,0,12,1,98005,100000,50000,0,0,0.5,0
1,62,1,0,1,1,36988,37000,18500,0,0,0.5,0
1,3,8,0,8,1,49809,50000,25000,0,0,0.5,1
0,84,8,0,8,1,0,10000,5000,0,0,0.5,0
0,60,8,7,8,1,34567,35000,17500,0,0,0.5,0
0,52,2,0,0,1,14840,15000,7500,0,0,0.5,0
0,60,3,0,3,1,0,20000,10000,0,0,0.5,0
0,69,1,0,1,2,49077,50000,25000,0,0,0.5,0
0,120,24,0,24,1,0,866900,650175,0,0,0.75,0
0,59,1,0,0,1,20465,25000,21250,0,0,0.85,0
0,84,1,1,2,1,0,10000,5000,0,0,0.5,0
1,84,2,0,2,1,0,50000,25000,0,0,0.5,0
1,54,12,12,12,1,26059,35000,17500,0,0,0.5,0
0,16,2,0,0,1,4997,25000,12500,0,0,0.5,1
1,51,1,0,1,1,33668,35000,17500,0,0,0.5,0
1,72,2,0,2,1,20000,20000,10000,0,0,0.5,0
0,240,1,4,0,1,0,291000,291000,0,1,1.0,0
1,36,1,0,1,1,0,25000,12500,0,0,0.5,0
0,66,1,0,0,1,28020,30000,15000,1,0,0.5,0
0,110,1,0,1,1,24417,25000,21250,0,0,0.85,0
0,36,3,0,0,1,0,25000,12500,0,0,0.5,0
1,73,3,100,3,1,33050,50000,25000,0,0,0.5,0
1,69,3,2,3,1,48978,50000,25000,0,0,0.5,0
0,39,1,1,1,1,8909,15000,12750,0,0,0.85,0
1,68,3,0,3,2,14659,15000,7500,0,0,0.5,0
1,84,3,1,3,1,0,12700,6350,0,0,0.5,0
1,58,3,0,3,1,49503,50000,25000,0,0,0.5,0
0,84,35,0,35,1,0,10000,5000,1,0,0.5,0
1,84,3,0,3,1,0,15000,7500,0,0,0.5,0
0,84,3,0,3,1,0,20000,10000,1,0,0.5,0
0,43,3,2,3,1,24634,30000,15000,0,0,0.5,0
1,240,3,1,0,1,0,281000,281000,0,1,1.0,0
1,28,6,2,8,1,8702,20000,10000,0,0,0.5,0
0,240,2,4,0,1,0,268000,268000,0,1,1.0,0
1,60,2,0,2,1,0,25000,12500,0,0,0.5,0
0,57,2,0,2,1,24780,30000,15000,0,0,0.5,0
1,68,4,2,4,1,94617,100000,50000,0,0,0.5,0
1,65,1,0,0,1,31159,35000,29750,0,0,0.85,0
0,47,1,2,1,1,18075,25000,21250,0,0,0.85,0
0,84,1,1,1,1,4023,5000,4250,0,0,0.85,0
1,240,10,5,10,1,0,1799000,1799000,0,1,1.0,0
1,84,7,2,9,1,0,20000,10000,0,0,0.5,0
1,53,22,0,22,1,49936,50000,25000,0,0,0.5,0
0,48,1,0,1,1,0,30000,15000,1,0,0.5,0
1,29,1,0,1,1,18094,20000,10000,0,0,0.5,0
0,70,0,0,0,1,23372,25000,21250,0,0,0.85,0
1,57,12,0,12,1,50000,50000,25000,0,0,0.5,0
1,51,2,0,2,1,9231,10000,5000,1,0,0.5,0
1,75,6,1,6,1,48660,50000,25000,0,0,0.5,0
0,49,6,1,6,1,46622,50000,25000,0,0,0.5,0
0,300,12,12,0,1,0,1048000,786000,0,1,0.75,0
0,39,6,0,6,1,47161,50000,25000,0,0,0.5,0
1,84,2,1,2,1,0,5000,2500,1,0,0.5,0
1,84,4,0,4,1,0,30000,15000,0,0,0.5,0
1,60,2,0,2,1,0,22000,11000,0,0,0.5,0
1,54,2,0,2,1,20012,35000,17500,0,0,0.5,0
0,84,4,1,4,1,0,50000,25000,1,0,0.5,0
0,44,5,0,5,1,47529,50000,25000,0,0,0.5,0
1,84,1,4,1,1,0,30000,15000,0,0,0.5,0
0,27,4,0,4,1,28672,35000,29750,0,0,0.85,0
0,72,2,0,2,1,29242,30000,15000,0,0,0.5,0
0,264,25,5,20,1,0,1596200,1197150,0,1,0.75,0
0,48,15,0,15,1,23333,25000,12500,0,0,0.5,0
0,84,3,5,3,1,0,40000,20000,0,0,0.5,0
1,72,1,0,1,1,47462,50000,25000,0,0,0.5,0
1,84,8,0,8,1,0,20000,10000,0,0,0.5,0
0,50,5,0,5,1,22863,30000,15000,0,0,0.5,0
1,240,4,5,4,1,0,268000,268000,0,1,1.0,0
1,84,1,0,1,1,0,50000,25000,0,0,0.5,0
0,56,1,0,1,1,15000,15000,7500,1,0,0.5,0
0,54,1,3,1,1,16343,19000,9500,0,0,0.5,0
0,63,2,0,2,1,50000,50000,25000,0,0,0.5,0
0,51,1,2,3,1,21268,25000,12500,0,0,0.5,0
1,55,1,3,3,0,117631,150000,127500,1,0,0.85,0
1,84,2,0,2,1,0,40000,20000,0,0,0.5,0
1,240,3,1,0,1,0,318000,318000,0,1,1.0,0
0,240,12,15,0,1,0,1655000,1655000,0,1,1.0,0
0,89,4,1,4,1,8828,10000,8500,1,0,0.85,0
1,48,7,0,7,1,36524,50000,42500,0,0,0.85,0
0,60,4,4,4,1,0,50000,25000,0,0,0.5,0
1,240,50,50,0,1,0,1583000,1583000,0,1,1.0,0
0,84,4,0,4,1,0,10000,5000,0,0,0.5,0
1,70,2,1,2,1,47461,50000,25000,0,0,0.5,0
0,84,2,0,2,1,0,12000,6000,0,0,0.5,0
0,51,4,0,4,1,29181,30000,15000,0,0,0.5,0
0,12,4,0,4,2,0,25000,12500,1,0,0.5,1
1,53,3,0,3,1,28835,30000,15000,0,0,0.5,0
0,84,1,0,1,1,0,50000,25000,0,0,0.5,0
0,61,2,3,2,1,99000,100000,50000,0,0,0.5,0
1,84,20,0,20,1,0,50000,25000,0,0,0.5,0
1,240,3,4,0,1,0,675000,675000,0,1,1.0,0
0,84,3,2,5,1,0,50000,25000,0,0,0.5,0
0,59,5,0,5,1,49915,50000,25000,0,0,0.5,0
0,25,3,1,4,1,28821,50000,25000,0,0,0.5,0
0,25,1,0,1,1,9481,20000,17000,1,0,0.85,0
1,62,3,0,3,1,10000,10000,5000,1,0,0.5,0
1,240,20,10,0,1,0,201000,201000,0,1,1.0,0
1,84,3,0,3,1,0,20000,10000,0,0,0.5,0
1,115,1,0,1,1,19694,20000,17000,0,0,0.85,0
1,106,1,1,1,1,11739,12500,10625,0,0,0.85,0
1,51,1,0,1,2,16463,36000,18000,0,0,0.5,0
1,120,2,7,2,1,0,12500,10625,1,0,0.85,0
0,84,6,1,6,1,0,30000,15000,0,0,0.5,0
0,240,3,2,3,1,0,364000,364000,0,1,1.0,0
1,84,14,0,14,1,0,30000,15000,0,0,0.5,0
0,66,2,35,2,2,22050,24000,12000,0,0,0.5,0
0,240,18,1,0,1,0,365000,365000,0,1,1.0,0
1,35,4,0,4,1,27181,30000,15000,0,0,0.5,0
1,37,2,2,2,1,12035,20000,17000,0,0,0.85,0
0,84,15,2,2,1,0,5000,2500,0,0,0.5,0
0,120,15,2,2,1,0,910000,682500,0,0,0.75,0
0,84,3,3,6,1,0,50000,25000,0,0,0.5,0
0,63,1,2,1,1,22206,25000,21250,1,0,0.85,0
1,240,5,1,5,1,0,165000,165000,0,1,1.0,0
1,114,2,1,2,1,9932,10000,8500,0,0,0.85,0
0,120,5,0,5,1,0,575000,431250,0,0,0.75,0
1,84,5,0,5,1,0,100000,50000,0,0,0.5,0
1,240,3,1,3,1,0,296000,296000,0,1,1.0,0
0,84,2,0,2,1,0,308500,231375,1,0,0.75,0
1,55,2,1,2,1,4149,5000,4250,0,0,0.85,0
1,240,4,8,4,1,0,820000,820000,0,1,1.0,0
0,93,49,0,20,1,135645,150000,127500,0,0,0.85,0
1,143,20,10,20,1,0,639400,479550,0,0,0.75,0
1,102,12,0,12,1,573429,1375000,1031250,0,0,0.75,0
0,240,20,10,20,1,0,1682000,1682000,0,1,1.0,0
1,240,5,1,5,1,0,658000,658000,0,1,1.0,0
1,120,12,0,12,1,0,750000,562500,0,0,0.75,0
0,36,15,0,15,2,0,50000,25000,0,0,0.5,0
0,46,7,2,2,1,92701,100000,50000,0,0,0.5,0
1,84,1,0,1,1,0,25000,12500,0,0,0.5,0
0,63,2,0,2,1,21398,25000,12500,0,0,0.5,0
0,120,2,4,2,1,0,10000,8500,1,0,0.85,0
1,108,20,0,20,1,0,2000000,1500000,0,0,0.75,0
0,60,1,3,2,1,0,130000,65000,1,0,0.5,0
1,92,2,2,2,1,6525,7500,6375,0,0,0.85,0
1,84,9,2,7,1,0,460000,345000,0,0,0.75,0
1,82,1,0,1,1,5833,7500,6375,0,0,0.85,0
0,120,3,0,3,1,0,5000,4250,0,0,0.85,0
1,289,1,1,1,1,237180,479000,359250,0,1,0.75,0
1,73,2,0,2,1,23426,25000,21250,0,0,0.85,0
0,84,2,1,2,1,0,25000,21250,0,0,0.85,0
1,56,1,0,1,1,9733,10000,5000,0,0,0.5,0
0,110,2,2,2,1,9645,10000,8500,0,0,0.85,0
1,300,9,9,0,1,0,712700,534525,0,1,0.75,0
0,99,2,0,2,1,8933,10000,9000,1,0,0.9,0
0,240,1,1,0,1,0,215000,215000,0,1,1.0,0
1,300,1,1,1,1,0,1665000,1498500,0,1,0.9,0
0,300,4,0,4,1,0,285000,256500,0,1,0.9,0
1,90,2,0,2,1,0,243000,218700,0,0,0.9,0
1,84,15,3,18,1,0,250000,125000,0,0,0.5,0
1,84,5,0,5,2,0,50000,25000,0,0,0.5,0
0,46,3,3,3,2,183645,200000,100000,0,0,0.5,0
1,99,7,5,7,1,6706,7500,6750,1,0,0.9,0
0,120,24,24,24,1,0,936000,842400,0,0,0.9,0
0,92,40,10,30,1,211800,235000,176250,0,0,0.75,0
1,64,1,0,1,1,22990,25000,22500,0,0,0.9,0
0,240,4,6,0,1,0,803000,803000,0,1,1.0,0
1,84,7,0,7,2,0,30000,15000,0,0,0.5,0
1,84,1,2,3,1,0,50000,25000,0,0,0.5,0
1,102,2,1,2,1,9057,10000,9000,0,0,0.9,0
1,120,2,5,2,1,0,10000,9000,1,0,0.9,0
0,94,2,4,2,1,398632,435000,391500,0,0,0.9,0
0,120,23,0,22,1,0,1500000,1350000,0,0,0.9,0
0,109,1,0,1,1,7277,7500,6750,0,0,0.9,0
0,84,3,0,3,1,0,25000,22500,0,0,0.9,0
1,84,4,1,4,1,0,200000,150000,0,0,0.75,0
1,300,8,2,8,1,0,1556000,1400400,0,1,0.9,0
1,120,36,4,0,1,0,504000,453600,0,0,0.9,0
1,300,4,0,4,1,0,900000,810000,0,1,0.9,0
0,300,5,2,7,1,0,580000,522000,0,1,0.9,0
0,300,2,2,2,1,0,446800,402120,1,1,0.9,0
0,300,1,9,0,1,0,632100,568890,1,1,0.9,0
0,300,12,0,12,1,0,1177500,1059750,0,1,0.9,0
0,92,1,1,1,1,4331,5000,4500,1,0,0.9,0
0,300,32,0,32,1,0,2000000,1500000,0,1,0.75,0
1,300,3,0,3,1,0,1150000,1035000,0,1,0.9,0
1,300,2,0,2,2,0,300000,225000,0,1,0.75,0
1,84,5,0,5,1,0,25000,12500,0,0,0.5,0
1,84,20,2,20,1,0,450000,405000,0,0,0.9,0
1,91,0,2,0,2,96262,100000,90000,0,0,0.9,0
1,240,15,0,15,1,0,327000,294300,0,1,0.9,0
1,110,4,0,4,2,191431,200000,180000,0,0,0.9,0
1,300,3,0,3,1,0,618000,556200,0,1,0.9,0
1,60,13,8,5,1,0,100000,50000,0,0,0.5,0
0,300,10,0,10,1,0,225000,202500,0,1,0.9,0
1,120,150,0,150,1,0,1665000,1498500,1,0,0.9,0
1,300,3,0,3,1,0,250000,225000,0,1,0.9,0
0,84,4,2,4,1,0,35000,31500,0,0,0.9,0
0,59,2,5,2,1,33862,35000,17500,0,0,0.5,0
0,99,3,4,3,1,9090,10000,9000,0,0,0.9,0
1,84,2,0,2,1,0,50300,25150,0,0,0.5,0
1,240,14,8,0,1,0,215000,215000,0,1,1.0,0
0,84,1,0,1,1,0,135000,121500,0,0,0.9,0
1,85,2,2,2,1,4146,5000,4500,1,0,0.9,0
1,84,14,20,34,1,0,50000,25000,1,0,0.5,0
0,104,4,0,4,1,13800,15000,12750,0,0,0.85,0
0,84,1,0,1,1,0,20000,10000,0,0,0.5,0
0,84,1,1,1,1,0,24700,12350,1,0,0.5,0
0,84,2,1,2,1,0,10000,5000,0,0,0.5,0
1,84,3,1,3,1,0,205000,153750,0,0,0.75,0
0,84,10,0,10,1,0,250000,125000,0,0,0.5,0
0,240,1,7,0,1,0,452000,452000,0,1,1.0,0
0,120,1,1,1,2,0,55000,46750,0,0,0.85,0
1,84,24,0,24,1,0,495000,445500,0,0,0.9,0
0,300,6,0,6,1,0,551000,495900,0,1,0.9,0
0,300,14,0,14,1,0,510000,459000,0,1,0.9,0
0,120,1,0,1,2,0,500000,450000,0,0,0.9,0
0,84,1,0,1,1,0,150000,135000,0,0,0.9,0
1,300,1,0,1,1,0,512000,460800,0,1,0.9,0
1,84,2,0,2,2,0,10000,5000,0,0,0.5,0
1,120,3,0,3,1,0,90000,81000,1,0,0.9,0
1,300,40,0,40,1,0,271800,244620,0,1,0.9,0
0,14,7,0,8,2,0,200000,100000,0,0,0.5,0
0,300,6,6,12,1,0,2350000,2115000,0,1,0.9,0
1,63,1,3,4,1,23246,25000,12500,0,0,0.5,0
0,84,1,0,0,1,0,10000,5000,0,0,0.5,0
0,240,11,5,0,1,0,330000,330000,0,1,1.0,0
1,260,2,2,4,1,451002,1073000,804750,1,1,0.75,0
1,300,8,0,8,1,0,820000,615000,0,1,0.75,0
0,240,88,50,88,1,0,1046000,1046000,0,1,1.0,0
1,240,15,25,15,1,0,912000,912000,0,1,1.0,0
1,240,5,65,0,1,0,1152000,1152000,0,1,1.0,0
0,240,1,20,0,1,0,271000,271000,1,1,1.0,0
0,60,2,0,2,1,0,80000,40000,0,0,0.5,0
0,55,5,0,0,1,13635,15000,7500,1,0,0.5,0
1,84,5,0,4,1,35964,100000,50000,0,0,0.5,0
1,84,2,0,2,2,0,150000,127500,0,0,0.85,0
1,240,3,9,0,1,0,338000,338000,0,1,1.0,0
0,240,11,11,11,1,0,441000,441000,0,1,1.0,0
1,84,3,0,3,1,0,150000,75000,0,0,0.5,0
0,30,4,0,4,1,14783,15000,7500,0,0,0.5,1
1,300,14,0,0,1,0,502200,376650,0,1,0.75,0
1,248,3,0,3,1,0,370800,278100,0,1,0.75,0
0,300,4,0,4,1,0,697500,523125,0,1,0.75,0
1,84,10,0,10,1,0,15000,7500,0,0,0.5,0
1,84,1,1,1,2,0,30000,15000,0,0,0.5,0
0,300,5,0,5,1,0,832500,624375,0,1,0.75,0
1,56,2,1,2,2,27829,30000,15000,0,0,0.5,0
1,240,9,4,9,1,0,152000,152000,0,1,1.0,0
0,300,1,0,0,1,0,511700,383775,1,1,0.75,0
1,120,3,0,3,1,0,1050000,787500,0,0,0.75,0
1,84,1,0,1,1,0,25000,12500,1,0,0.5,0
0,60,12,0,12,1,0,172500,86250,0,0,0.5,0
0,38,1,0,1,1,28623,30000,15000,0,0,0.5,1
1,82,3,3,3,1,0,78000,39000,0,0,0.5,0
0,240,2,2,0,1,0,134000,134000,0,1,1.0,0
1,230,3,2,3,1,65519,650000,487500,0,0,0.75,0
1,84,10,5,10,1,0,257000,192750,0,0,0.75,0
1,84,3,0,0,1,0,50000,25000,0,0,0.5,0
0,60,1,0,1,1,0,10000,5000,0,0,0.5,0
1,240,20,10,0,1,0,1343000,1343000,0,1,1.0,0
0,240,12,1,0,1,0,541000,541000,0,1,1.0,0
0,28,3,1,3,2,19891,20000,10000,1,0,0.5,1
1,74,7,0,0,1,161873,207000,155250,1,0,0.75,0
1,180,21,0,21,1,0,150000,127500,0,0,0.85,0
1,240,23,17,0,1,0,576000,576000,0,1,1.0,0
0,60,6,2,8,1,0,40000,20000,0,0,0.5,0
1,84,6,2,8,1,0,10000,5000,0,0,0.5,0
0,53,44,18,44,1,43654,50000,25000,0,0,0.5,0
0,47,1,0,1,1,39944,40000,20000,0,0,0.5,0
0,84,1,0,1,1,0,15000,12750,1,0,0.85,0
1,240,4,2,0,1,0,444000,444000,0,1,1.0,0
0,60,2,0,2,1,0,100000,50000,0,0,0.5,0
0,84,10,0,10,1,0,25000,12500,0,0,0.5,0
0,59,8,3,11,1,800054,1000000,750000,1,0,0.75,0
0,204,1,3,4,1,113898,240000,180000,0,0,0.75,0
1,36,5,5,10,1,44973,60000,30000,0,0,0.5,1
0,240,6,4,6,1,0,1435000,1435000,1,1,1.0,0
0,276,10,8,2,1,0,1215000,704700,0,1,0.58,0
1,80,1,2,3,1,0,95000,47500,0,0,0.5,0
1,60,1,0,1,1,0,30000,15000,0,0,0.5,0
0,240,4,4,0,1,0,357000,357000,0,1,1.0,0
0,48,2,0,2,2,21110,23500,11750,1,0,0.5,0
0,49,1,4,5,1,14840,15000,7500,0,0,0.5,0
1,42,1,0,1,1,21729,25000,21250,0,0,0.85,0
0,84,25,25,25,1,0,350000,262500,0,0,0.75,0
0,84,14,0,14,2,0,20000,10000,0,0,0.5,0
0,84,2,0,2,2,0,21000,10500,0,0,0.5,0
1,45,1,0,1,1,15000,15000,7500,0,0,0.5,0
1,32,2,0,2,2,23594,30000,15000,1,0,0.5,1
0,54,2,0,0,1,9994,10000,5000,1,0,0.5,0
0,84,3,0,3,1,0,100000,50000,0,0,0.5,0
0,84,3,0,3,2,0,30000,15000,0,0,0.5,0
0,240,6,4,6,1,0,721000,721000,0,1,1.0,0
0,240,28,8,28,1,0,1029000,1029000,0,1,1.0,0
1,60,5,0,5,1,0,150000,75000,1,0,0.5,0
